cohort_month,activity_month,active_customers,months_since_signup,cohort_customers,retention_pct
2021-01-01,2021-01-01,61,0,99,61.62
2021-01-01,2021-02-01,80,1,99,80.81
2021-01-01,2021-03-01,76,2,99,76.77
2021-01-01,2021-04-01,72,3,99,72.73
2021-01-01,2021-05-01,93,4,99,93.94
2021-01-01,2021-06-01,88,5,99,88.89
2021-01-01,2021-07-01,83,6,99,83.84
2021-01-01,2021-08-01,85,7,99,85.86
2021-01-01,2021-09-01,69,8,99,69.7
2021-01-01,2021-10-01,64,9,99,64.65
2021-01-01,2021-11-01,75,10,99,75.76
2021-01-01,2021-12-01,77,11,99,77.78
2021-01-01,2022-01-01,90,12,99,90.91
2021-01-01,2022-02-01,82,13,99,82.83
2021-01-01,2022-03-01,72,14,99,72.73
2021-01-01,2022-04-01,86,15,99,86.87
2021-01-01,2022-05-01,89,16,99,89.9
2021-01-01,2022-06-01,83,17,99,83.84
2021-01-01,2022-07-01,76,18,99,76.77
2021-01-01,2022-08-01,82,19,99,82.83
2021-01-01,2022-09-01,73,20,99,73.74
2021-01-01,2022-10-01,75,21,99,75.76
2021-01-01,2022-11-01,65,22,99,65.66
2021-01-01,2022-12-01,80,23,99,80.81
2021-01-01,2023-01-01,88,24,99,88.89
2021-01-01,2023-02-01,82,25,99,82.83
2021-01-01,2023-03-01,72,26,99,72.73
2021-01-01,2023-04-01,82,27,99,82.83
2021-01-01,2023-05-01,80,28,99,80.81
2021-01-01,2023-06-01,82,29,99,82.83
2021-01-01,2023-07-01,82,30,99,82.83
2021-01-01,2023-08-01,74,31,99,74.75
2021-01-01,2023-09-01,72,32,99,72.73
2021-01-01,2023-10-01,69,33,99,69.7
2021-01-01,2023-11-01,74,34,99,74.75
2021-01-01,2023-12-01,73,35,99,73.74
2021-01-01,2024-01-01,91,36,99,91.92
2021-01-01,2024-02-01,87,37,99,87.88
2021-01-01,2024-03-01,75,38,99,75.76
2021-01-01,2024-04-01,86,39,99,86.87
2021-01-01,2024-05-01,86,40,99,86.87
2021-01-01,2024-06-01,81,41,99,81.82
2021-01-01,2024-07-01,81,42,99,81.82
2021-01-01,2024-08-01,80,43,99,80.81
2021-01-01,2024-09-01,64,44,99,64.65
2021-01-01,2024-10-01,73,45,99,73.74
2021-01-01,2024-11-01,77,46,99,77.78
2021-01-01,2024-12-01,79,47,99,79.8
2021-01-01,2025-01-01,90,48,99,90.91
2021-01-01,2025-02-01,86,49,99,86.87
2021-01-01,2025-03-01,91,50,99,91.92
2021-01-01,2025-04-01,71,51,99,71.72
2021-01-01,2025-05-01,86,52,99,86.87
2021-01-01,2025-06-01,84,53,99,84.85
2021-01-01,2025-07-01,83,54,99,83.84
2021-01-01,2025-08-01,83,55,99,83.84
2021-01-01,2025-09-01,71,56,99,71.72
2021-01-01,2025-10-01,77,57,99,77.78
2021-02-01,2021-02-01,35,0,66,53.03
2021-02-01,2021-03-01,49,1,66,74.24
2021-02-01,2021-04-01,54,2,66,81.82
2021-02-01,2021-05-01,60,3,66,90.91
2021-02-01,2021-06-01,54,4,66,81.82
2021-02-01,2021-07-01,57,5,66,86.36
2021-02-01,2021-08-01,52,6,66,78.79
2021-02-01,2021-09-01,44,7,66,66.67
2021-02-01,2021-10-01,47,8,66,71.21
2021-02-01,2021-11-01,52,9,66,78.79
2021-02-01,2021-12-01,51,10,66,77.27
2021-02-01,2022-01-01,58,11,66,87.88
2021-02-01,2022-02-01,56,12,66,84.85
2021-02-01,2022-03-01,49,13,66,74.24
2021-02-01,2022-04-01,51,14,66,77.27
2021-02-01,2022-05-01,55,15,66,83.33
2021-02-01,2022-06-01,53,16,66,80.3
2021-02-01,2022-07-01,55,17,66,83.33
2021-02-01,2022-08-01,47,18,66,71.21
2021-02-01,2022-09-01,44,19,66,66.67
2021-02-01,2022-10-01,57,20,66,86.36
2021-02-01,2022-11-01,55,21,66,83.33
2021-02-01,2022-12-01,55,22,66,83.33
2021-02-01,2023-01-01,62,23,66,93.94
2021-02-01,2023-02-01,51,24,66,77.27
2021-02-01,2023-03-01,54,25,66,81.82
2021-02-01,2023-04-01,53,26,66,80.3
2021-02-01,2023-05-01,61,27,66,92.42
2021-02-01,2023-06-01,54,28,66,81.82
2021-02-01,2023-07-01,58,29,66,87.88
2021-02-01,2023-08-01,51,30,66,77.27
2021-02-01,2023-09-01,52,31,66,78.79
2021-02-01,2023-10-01,42,32,66,63.64
2021-02-01,2023-11-01,52,33,66,78.79
2021-02-01,2023-12-01,51,34,66,77.27
2021-02-01,2024-01-01,63,35,66,95.45
2021-02-01,2024-02-01,57,36,66,86.36
2021-02-01,2024-03-01,54,37,66,81.82
2021-02-01,2024-04-01,53,38,66,80.3
2021-02-01,2024-05-01,57,39,66,86.36
2021-02-01,2024-06-01,48,40,66,72.73
2021-02-01,2024-07-01,50,41,66,75.76
2021-02-01,2024-08-01,52,42,66,78.79
2021-02-01,2024-09-01,43,43,66,65.15
2021-02-01,2024-10-01,48,44,66,72.73
2021-02-01,2024-11-01,44,45,66,66.67
2021-02-01,2024-12-01,49,46,66,74.24
2021-02-01,2025-01-01,60,47,66,90.91
2021-02-01,2025-02-01,54,48,66,81.82
2021-02-01,2025-03-01,53,49,66,80.3
2021-02-01,2025-04-01,48,50,66,72.73
2021-02-01,2025-05-01,56,51,66,84.85
2021-02-01,2025-06-01,52,52,66,78.79
2021-02-01,2025-07-01,57,53,66,86.36
2021-02-01,2025-08-01,52,54,66,78.79
2021-02-01,2025-09-01,45,55,66,68.18
2021-02-01,2025-10-01,42,56,66,63.64
2021-03-01,2021-03-01,41,0,94,43.62
2021-03-01,2021-04-01,77,1,94,81.91
2021-03-01,2021-05-01,85,2,94,90.43
2021-03-01,2021-06-01,77,3,94,81.91
2021-03-01,2021-07-01,71,4,94,75.53
2021-03-01,2021-08-01,79,5,94,84.04
2021-03-01,2021-09-01,58,6,94,61.7
2021-03-01,2021-10-01,63,7,94,67.02
2021-03-01,2021-11-01,64,8,94,68.09
2021-03-01,2021-12-01,71,9,94,75.53
2021-03-01,2022-01-01,85,10,94,90.43
2021-03-01,2022-02-01,81,11,94,86.17
2021-03-01,2022-03-01,67,12,94,71.28
2021-03-01,2022-04-01,78,13,94,82.98
2021-03-01,2022-05-01,83,14,94,88.3
2021-03-01,2022-06-01,79,15,94,84.04
2021-03-01,2022-07-01,85,16,94,90.43
2021-03-01,2022-08-01,80,17,94,85.11
2021-03-01,2022-09-01,72,18,94,76.6
2021-03-01,2022-10-01,63,19,94,67.02
2021-03-01,2022-11-01,65,20,94,69.15
2021-03-01,2022-12-01,78,21,94,82.98
2021-03-01,2023-01-01,86,22,94,91.49
2021-03-01,2023-02-01,80,23,94,85.11
2021-03-01,2023-03-01,66,24,94,70.21
2021-03-01,2023-04-01,74,25,94,78.72
2021-03-01,2023-05-01,79,26,94,84.04
2021-03-01,2023-06-01,84,27,94,89.36
2021-03-01,2023-07-01,80,28,94,85.11
2021-03-01,2023-08-01,77,29,94,81.91
2021-03-01,2023-09-01,72,30,94,76.6
2021-03-01,2023-10-01,66,31,94,70.21
2021-03-01,2023-11-01,69,32,94,73.4
2021-03-01,2023-12-01,71,33,94,75.53
2021-03-01,2024-01-01,87,34,94,92.55
2021-03-01,2024-02-01,81,35,94,86.17
2021-03-01,2024-03-01,69,36,94,73.4
2021-03-01,2024-04-01,67,37,94,71.28
2021-03-01,2024-05-01,80,38,94,85.11
2021-03-01,2024-06-01,78,39,94,82.98
2021-03-01,2024-07-01,74,40,94,78.72
2021-03-01,2024-08-01,76,41,94,80.85
2021-03-01,2024-09-01,65,42,94,69.15
2021-03-01,2024-10-01,70,43,94,74.47
2021-03-01,2024-11-01,60,44,94,63.83
2021-03-01,2024-12-01,78,45,94,82.98
2021-03-01,2025-01-01,84,46,94,89.36
2021-03-01,2025-02-01,80,47,94,85.11
2021-03-01,2025-03-01,80,48,94,85.11
2021-03-01,2025-04-01,73,49,94,77.66
2021-03-01,2025-05-01,84,50,94,89.36
2021-03-01,2025-06-01,82,51,94,87.23
2021-03-01,2025-07-01,73,52,94,77.66
2021-03-01,2025-08-01,74,53,94,78.72
2021-03-01,2025-09-01,64,54,94,68.09
2021-03-01,2025-10-01,64,55,94,68.09
2021-04-01,2021-04-01,45,0,85,52.94
2021-04-01,2021-05-01,76,1,85,89.41
2021-04-01,2021-06-01,71,2,85,83.53
2021-04-01,2021-07-01,68,3,85,80.0
2021-04-01,2021-08-01,70,4,85,82.35
2021-04-01,2021-09-01,63,5,85,74.12
2021-04-01,2021-10-01,54,6,85,63.53
2021-04-01,2021-11-01,56,7,85,65.88
2021-04-01,2021-12-01,66,8,85,77.65
2021-04-01,2022-01-01,77,9,85,90.59
2021-04-01,2022-02-01,69,10,85,81.18
2021-04-01,2022-03-01,57,11,85,67.06
2021-04-01,2022-04-01,71,12,85,83.53
2021-04-01,2022-05-01,71,13,85,83.53
2021-04-01,2022-06-01,66,14,85,77.65
2021-04-01,2022-07-01,65,15,85,76.47
2021-04-01,2022-08-01,71,16,85,83.53
2021-04-01,2022-09-01,61,17,85,71.76
2021-04-01,2022-10-01,62,18,85,72.94
2021-04-01,2022-11-01,63,19,85,74.12
2021-04-01,2022-12-01,75,20,85,88.24
2021-04-01,2023-01-01,78,21,85,91.76
2021-04-01,2023-02-01,70,22,85,82.35
2021-04-01,2023-03-01,59,23,85,69.41
2021-04-01,2023-04-01,76,24,85,89.41
2021-04-01,2023-05-01,73,25,85,85.88
2021-04-01,2023-06-01,70,26,85,82.35
2021-04-01,2023-07-01,69,27,85,81.18
2021-04-01,2023-08-01,61,28,85,71.76
2021-04-01,2023-09-01,55,29,85,64.71
2021-04-01,2023-10-01,62,30,85,72.94
2021-04-01,2023-11-01,62,31,85,72.94
2021-04-01,2023-12-01,65,32,85,76.47
2021-04-01,2024-01-01,79,33,85,92.94
2021-04-01,2024-02-01,75,34,85,88.24
2021-04-01,2024-03-01,66,35,85,77.65
2021-04-01,2024-04-01,72,36,85,84.71
2021-04-01,2024-05-01,76,37,85,89.41
2021-04-01,2024-06-01,70,38,85,82.35
2021-04-01,2024-07-01,67,39,85,78.82
2021-04-01,2024-08-01,67,40,85,78.82
2021-04-01,2024-09-01,56,41,85,65.88
2021-04-01,2024-10-01,59,42,85,69.41
2021-04-01,2024-11-01,58,43,85,68.24
2021-04-01,2024-12-01,73,44,85,85.88
2021-04-01,2025-01-01,79,45,85,92.94
2021-04-01,2025-02-01,76,46,85,89.41
2021-04-01,2025-03-01,71,47,85,83.53
2021-04-01,2025-04-01,58,48,85,68.24
2021-04-01,2025-05-01,75,49,85,88.24
2021-04-01,2025-06-01,66,50,85,77.65
2021-04-01,2025-07-01,66,51,85,77.65
2021-04-01,2025-08-01,78,52,85,91.76
2021-04-01,2025-09-01,57,53,85,67.06
2021-04-01,2025-10-01,51,54,85,60.0
2021-05-01,2021-05-01,46,0,82,56.1
2021-05-01,2021-06-01,67,1,82,81.71
2021-05-01,2021-07-01,66,2,82,80.49
2021-05-01,2021-08-01,67,3,82,81.71
2021-05-01,2021-09-01,59,4,82,71.95
2021-05-01,2021-10-01,57,5,82,69.51
2021-05-01,2021-11-01,54,6,82,65.85
2021-05-01,2021-12-01,59,7,82,71.95
2021-05-01,2022-01-01,75,8,82,91.46
2021-05-01,2022-02-01,74,9,82,90.24
2021-05-01,2022-03-01,47,10,82,57.32
2021-05-01,2022-04-01,73,11,82,89.02
2021-05-01,2022-05-01,74,12,82,90.24
2021-05-01,2022-06-01,72,13,82,87.8
2021-05-01,2022-07-01,66,14,82,80.49
2021-05-01,2022-08-01,68,15,82,82.93
2021-05-01,2022-09-01,57,16,82,69.51
2021-05-01,2022-10-01,60,17,82,73.17
2021-05-01,2022-11-01,61,18,82,74.39
2021-05-01,2022-12-01,66,19,82,80.49
2021-05-01,2023-01-01,69,20,82,84.15
2021-05-01,2023-02-01,68,21,82,82.93
2021-05-01,2023-03-01,65,22,82,79.27
2021-05-01,2023-04-01,69,23,82,84.15
2021-05-01,2023-05-01,65,24,82,79.27
2021-05-01,2023-06-01,68,25,82,82.93
2021-05-01,2023-07-01,68,26,82,82.93
2021-05-01,2023-08-01,63,27,82,76.83
2021-05-01,2023-09-01,64,28,82,78.05
2021-05-01,2023-10-01,51,29,82,62.2
2021-05-01,2023-11-01,52,30,82,63.41
2021-05-01,2023-12-01,64,31,82,78.05
2021-05-01,2024-01-01,73,32,82,89.02
2021-05-01,2024-02-01,77,33,82,93.9
2021-05-01,2024-03-01,68,34,82,82.93
2021-05-01,2024-04-01,68,35,82,82.93
2021-05-01,2024-05-01,66,36,82,80.49
2021-05-01,2024-06-01,69,37,82,84.15
2021-05-01,2024-07-01,73,38,82,89.02
2021-05-01,2024-08-01,57,39,82,69.51
2021-05-01,2024-09-01,58,40,82,70.73
2021-05-01,2024-10-01,59,41,82,71.95
2021-05-01,2024-11-01,60,42,82,73.17
2021-05-01,2024-12-01,67,43,82,81.71
2021-05-01,2025-01-01,76,44,82,92.68
2021-05-01,2025-02-01,68,45,82,82.93
2021-05-01,2025-03-01,72,46,82,87.8
2021-05-01,2025-04-01,61,47,82,74.39
2021-05-01,2025-05-01,71,48,82,86.59
2021-05-01,2025-06-01,70,49,82,85.37
2021-05-01,2025-07-01,68,50,82,82.93
2021-05-01,2025-08-01,69,51,82,84.15
2021-05-01,2025-09-01,53,52,82,64.63
2021-05-01,2025-10-01,53,53,82,64.63
2021-06-01,2021-06-01,55,0,96,57.29
2021-06-01,2021-07-01,78,1,96,81.25
2021-06-01,2021-08-01,80,2,96,83.33
2021-06-01,2021-09-01,70,3,96,72.92
2021-06-01,2021-10-01,67,4,96,69.79
2021-06-01,2021-11-01,73,5,96,76.04
2021-06-01,2021-12-01,79,6,96,82.29
2021-06-01,2022-01-01,90,7,96,93.75
2021-06-01,2022-02-01,80,8,96,83.33
2021-06-01,2022-03-01,71,9,96,73.96
2021-06-01,2022-04-01,74,10,96,77.08
2021-06-01,2022-05-01,76,11,96,79.17
2021-06-01,2022-06-01,78,12,96,81.25
2021-06-01,2022-07-01,83,13,96,86.46
2021-06-01,2022-08-01,79,14,96,82.29
2021-06-01,2022-09-01,73,15,96,76.04
2021-06-01,2022-10-01,71,16,96,73.96
2021-06-01,2022-11-01,73,17,96,76.04
2021-06-01,2022-12-01,75,18,96,78.12
2021-06-01,2023-01-01,85,19,96,88.54
2021-06-01,2023-02-01,79,20,96,82.29
2021-06-01,2023-03-01,70,21,96,72.92
2021-06-01,2023-04-01,81,22,96,84.38
2021-06-01,2023-05-01,85,23,96,88.54
2021-06-01,2023-06-01,77,24,96,80.21
2021-06-01,2023-07-01,72,25,96,75.0
2021-06-01,2023-08-01,81,26,96,84.38
2021-06-01,2023-09-01,68,27,96,70.83
2021-06-01,2023-10-01,64,28,96,66.67
2021-06-01,2023-11-01,69,29,96,71.88
2021-06-01,2023-12-01,84,30,96,87.5
2021-06-01,2024-01-01,87,31,96,90.62
2021-06-01,2024-02-01,83,32,96,86.46
2021-06-01,2024-03-01,71,33,96,73.96
2021-06-01,2024-04-01,71,34,96,73.96
2021-06-01,2024-05-01,84,35,96,87.5
2021-06-01,2024-06-01,82,36,96,85.42
2021-06-01,2024-07-01,83,37,96,86.46
2021-06-01,2024-08-01,84,38,96,87.5
2021-06-01,2024-09-01,70,39,96,72.92
2021-06-01,2024-10-01,69,40,96,71.88
2021-06-01,2024-11-01,71,41,96,73.96
2021-06-01,2024-12-01,74,42,96,77.08
2021-06-01,2025-01-01,85,43,96,88.54
2021-06-01,2025-02-01,86,44,96,89.58
2021-06-01,2025-03-01,81,45,96,84.38
2021-06-01,2025-04-01,64,46,96,66.67
2021-06-01,2025-05-01,81,47,96,84.38
2021-06-01,2025-06-01,86,48,96,89.58
2021-06-01,2025-07-01,77,49,96,80.21
2021-06-01,2025-08-01,79,50,96,82.29
2021-06-01,2025-09-01,64,51,96,66.67
2021-06-01,2025-10-01,65,52,96,67.71
2021-07-01,2021-07-01,54,0,98,55.1
2021-07-01,2021-08-01,77,1,98,78.57
2021-07-01,2021-09-01,65,2,98,66.33
2021-07-01,2021-10-01,69,3,98,70.41
2021-07-01,2021-11-01,74,4,98,75.51
2021-07-01,2021-12-01,81,5,98,82.65
2021-07-01,2022-01-01,85,6,98,86.73
2021-07-01,2022-02-01,91,7,98,92.86
2021-07-01,2022-03-01,62,8,98,63.27
2021-07-01,2022-04-01,87,9,98,88.78
2021-07-01,2022-05-01,79,10,98,80.61
2021-07-01,2022-06-01,79,11,98,80.61
2021-07-01,2022-07-01,82,12,98,83.67
2021-07-01,2022-08-01,84,13,98,85.71
2021-07-01,2022-09-01,71,14,98,72.45
2021-07-01,2022-10-01,78,15,98,79.59
2021-07-01,2022-11-01,66,16,98,67.35
2021-07-01,2022-12-01,75,17,98,76.53
2021-07-01,2023-01-01,91,18,98,92.86
2021-07-01,2023-02-01,80,19,98,81.63
2021-07-01,2023-03-01,61,20,98,62.24
2021-07-01,2023-04-01,85,21,98,86.73
2021-07-01,2023-05-01,83,22,98,84.69
2021-07-01,2023-06-01,84,23,98,85.71
2021-07-01,2023-07-01,81,24,98,82.65
2021-07-01,2023-08-01,80,25,98,81.63
2021-07-01,2023-09-01,65,26,98,66.33
2021-07-01,2023-10-01,79,27,98,80.61
2021-07-01,2023-11-01,68,28,98,69.39
2021-07-01,2023-12-01,84,29,98,85.71
2021-07-01,2024-01-01,87,30,98,88.78
2021-07-01,2024-02-01,89,31,98,90.82
2021-07-01,2024-03-01,79,32,98,80.61
2021-07-01,2024-04-01,76,33,98,77.55
2021-07-01,2024-05-01,82,34,98,83.67
2021-07-01,2024-06-01,79,35,98,80.61
2021-07-01,2024-07-01,81,36,98,82.65
2021-07-01,2024-08-01,83,37,98,84.69
2021-07-01,2024-09-01,64,38,98,65.31
2021-07-01,2024-10-01,77,39,98,78.57
2021-07-01,2024-11-01,69,40,98,70.41
2021-07-01,2024-12-01,75,41,98,76.53
2021-07-01,2025-01-01,91,42,98,92.86
2021-07-01,2025-02-01,83,43,98,84.69
2021-07-01,2025-03-01,80,44,98,81.63
2021-07-01,2025-04-01,76,45,98,77.55
2021-07-01,2025-05-01,86,46,98,87.76
2021-07-01,2025-06-01,84,47,98,85.71
2021-07-01,2025-07-01,78,48,98,79.59
2021-07-01,2025-08-01,77,49,98,78.57
2021-07-01,2025-09-01,67,50,98,68.37
2021-07-01,2025-10-01,73,51,98,74.49
2021-08-01,2021-08-01,45,0,97,46.39
2021-08-01,2021-09-01,61,1,97,62.89
2021-08-01,2021-10-01,62,2,97,63.92
2021-08-01,2021-11-01,62,3,97,63.92
2021-08-01,2021-12-01,77,4,97,79.38
2021-08-01,2022-01-01,91,5,97,93.81
2021-08-01,2022-02-01,82,6,97,84.54
2021-08-01,2022-03-01,77,7,97,79.38
2021-08-01,2022-04-01,77,8,97,79.38
2021-08-01,2022-05-01,79,9,97,81.44
2021-08-01,2022-06-01,70,10,97,72.16
2021-08-01,2022-07-01,83,11,97,85.57
2021-08-01,2022-08-01,85,12,97,87.63
2021-08-01,2022-09-01,61,13,97,62.89
2021-08-01,2022-10-01,65,14,97,67.01
2021-08-01,2022-11-01,74,15,97,76.29
2021-08-01,2022-12-01,85,16,97,87.63
2021-08-01,2023-01-01,84,17,97,86.6
2021-08-01,2023-02-01,85,18,97,87.63
2021-08-01,2023-03-01,67,19,97,69.07
2021-08-01,2023-04-01,75,20,97,77.32
2021-08-01,2023-05-01,80,21,97,82.47
2021-08-01,2023-06-01,77,22,97,79.38
2021-08-01,2023-07-01,82,23,97,84.54
2021-08-01,2023-08-01,81,24,97,83.51
2021-08-01,2023-09-01,73,25,97,75.26
2021-08-01,2023-10-01,73,26,97,75.26
2021-08-01,2023-11-01,67,27,97,69.07
2021-08-01,2023-12-01,76,28,97,78.35
2021-08-01,2024-01-01,87,29,97,89.69
2021-08-01,2024-02-01,83,30,97,85.57
2021-08-01,2024-03-01,77,31,97,79.38
2021-08-01,2024-04-01,67,32,97,69.07
2021-08-01,2024-05-01,85,33,97,87.63
2021-08-01,2024-06-01,83,34,97,85.57
2021-08-01,2024-07-01,79,35,97,81.44
2021-08-01,2024-08-01,77,36,97,79.38
2021-08-01,2024-09-01,72,37,97,74.23
2021-08-01,2024-10-01,72,38,97,74.23
2021-08-01,2024-11-01,69,39,97,71.13
2021-08-01,2024-12-01,72,40,97,74.23
2021-08-01,2025-01-01,90,41,97,92.78
2021-08-01,2025-02-01,87,42,97,89.69
2021-08-01,2025-03-01,88,43,97,90.72
2021-08-01,2025-04-01,69,44,97,71.13
2021-08-01,2025-05-01,87,45,97,89.69
2021-08-01,2025-06-01,74,46,97,76.29
2021-08-01,2025-07-01,79,47,97,81.44
2021-08-01,2025-08-01,72,48,97,74.23
2021-08-01,2025-09-01,71,49,97,73.2
2021-08-01,2025-10-01,69,50,97,71.13
2021-09-01,2021-09-01,31,0,86,36.05
2021-09-01,2021-10-01,58,1,86,67.44
2021-09-01,2021-11-01,60,2,86,69.77
2021-09-01,2021-12-01,64,3,86,74.42
2021-09-01,2022-01-01,76,4,86,88.37
2021-09-01,2022-02-01,79,5,86,91.86
2021-09-01,2022-03-01,60,6,86,69.77
2021-09-01,2022-04-01,72,7,86,83.72
2021-09-01,2022-05-01,71,8,86,82.56
2021-09-01,2022-06-01,68,9,86,79.07
2021-09-01,2022-07-01,77,10,86,89.53
2021-09-01,2022-08-01,71,11,86,82.56
2021-09-01,2022-09-01,60,12,86,69.77
2021-09-01,2022-10-01,61,13,86,70.93
2021-09-01,2022-11-01,64,14,86,74.42
2021-09-01,2022-12-01,73,15,86,84.88
2021-09-01,2023-01-01,78,16,86,90.7
2021-09-01,2023-02-01,71,17,86,82.56
2021-09-01,2023-03-01,66,18,86,76.74
2021-09-01,2023-04-01,77,19,86,89.53
2021-09-01,2023-05-01,72,20,86,83.72
2021-09-01,2023-06-01,69,21,86,80.23
2021-09-01,2023-07-01,66,22,86,76.74
2021-09-01,2023-08-01,66,23,86,76.74
2021-09-01,2023-09-01,48,24,86,55.81
2021-09-01,2023-10-01,67,25,86,77.91
2021-09-01,2023-11-01,60,26,86,69.77
2021-09-01,2023-12-01,64,27,86,74.42
2021-09-01,2024-01-01,77,28,86,89.53
2021-09-01,2024-02-01,79,29,86,91.86
2021-09-01,2024-03-01,74,30,86,86.05
2021-09-01,2024-04-01,66,31,86,76.74
2021-09-01,2024-05-01,77,32,86,89.53
2021-09-01,2024-06-01,74,33,86,86.05
2021-09-01,2024-07-01,64,34,86,74.42
2021-09-01,2024-08-01,69,35,86,80.23
2021-09-01,2024-09-01,53,36,86,61.63
2021-09-01,2024-10-01,66,37,86,76.74
2021-09-01,2024-11-01,66,38,86,76.74
2021-09-01,2024-12-01,68,39,86,79.07
2021-09-01,2025-01-01,78,40,86,90.7
2021-09-01,2025-02-01,73,41,86,84.88
2021-09-01,2025-03-01,80,42,86,93.02
2021-09-01,2025-04-01,58,43,86,67.44
2021-09-01,2025-05-01,71,44,86,82.56
2021-09-01,2025-06-01,72,45,86,83.72
2021-09-01,2025-07-01,78,46,86,90.7
2021-09-01,2025-08-01,71,47,86,82.56
2021-09-01,2025-09-01,65,48,86,75.58
2021-09-01,2025-10-01,61,49,86,70.93
2021-10-01,2021-10-01,46,0,85,54.12
2021-10-01,2021-11-01,56,1,85,65.88
2021-10-01,2021-12-01,67,2,85,78.82
2021-10-01,2022-01-01,75,3,85,88.24
2021-10-01,2022-02-01,74,4,85,87.06
2021-10-01,2022-03-01,62,5,85,72.94
2021-10-01,2022-04-01,68,6,85,80.0
2021-10-01,2022-05-01,71,7,85,83.53
2021-10-01,2022-06-01,68,8,85,80.0
2021-10-01,2022-07-01,66,9,85,77.65
2021-10-01,2022-08-01,71,10,85,83.53
2021-10-01,2022-09-01,60,11,85,70.59
2021-10-01,2022-10-01,64,12,85,75.29
2021-10-01,2022-11-01,54,13,85,63.53
2021-10-01,2022-12-01,67,14,85,78.82
2021-10-01,2023-01-01,81,15,85,95.29
2021-10-01,2023-02-01,76,16,85,89.41
2021-10-01,2023-03-01,61,17,85,71.76
2021-10-01,2023-04-01,71,18,85,83.53
2021-10-01,2023-05-01,73,19,85,85.88
2021-10-01,2023-06-01,74,20,85,87.06
2021-10-01,2023-07-01,70,21,85,82.35
2021-10-01,2023-08-01,62,22,85,72.94
2021-10-01,2023-09-01,52,23,85,61.18
2021-10-01,2023-10-01,60,24,85,70.59
2021-10-01,2023-11-01,59,25,85,69.41
2021-10-01,2023-12-01,69,26,85,81.18
2021-10-01,2024-01-01,76,27,85,89.41
2021-10-01,2024-02-01,73,28,85,85.88
2021-10-01,2024-03-01,68,29,85,80.0
2021-10-01,2024-04-01,67,30,85,78.82
2021-10-01,2024-05-01,69,31,85,81.18
2021-10-01,2024-06-01,73,32,85,85.88
2021-10-01,2024-07-01,75,33,85,88.24
2021-10-01,2024-08-01,69,34,85,81.18
2021-10-01,2024-09-01,56,35,85,65.88
2021-10-01,2024-10-01,67,36,85,78.82
2021-10-01,2024-11-01,61,37,85,71.76
2021-10-01,2024-12-01,72,38,85,84.71
2021-10-01,2025-01-01,75,39,85,88.24
2021-10-01,2025-02-01,75,40,85,88.24
2021-10-01,2025-03-01,72,41,85,84.71
2021-10-01,2025-04-01,64,42,85,75.29
2021-10-01,2025-05-01,68,43,85,80.0
2021-10-01,2025-06-01,70,44,85,82.35
2021-10-01,2025-07-01,68,45,85,80.0
2021-10-01,2025-08-01,74,46,85,87.06
2021-10-01,2025-09-01,54,47,85,63.53
2021-10-01,2025-10-01,59,48,85,69.41
2021-11-01,2021-11-01,49,0,102,48.04
2021-11-01,2021-12-01,80,1,102,78.43
2021-11-01,2022-01-01,90,2,102,88.24
2021-11-01,2022-02-01,92,3,102,90.2
2021-11-01,2022-03-01,72,4,102,70.59
2021-11-01,2022-04-01,86,5,102,84.31
2021-11-01,2022-05-01,92,6,102,90.2
2021-11-01,2022-06-01,80,7,102,78.43
2021-11-01,2022-07-01,83,8,102,81.37
2021-11-01,2022-08-01,87,9,102,85.29
2021-11-01,2022-09-01,70,10,102,68.63
2021-11-01,2022-10-01,76,11,102,74.51
2021-11-01,2022-11-01,65,12,102,63.73
2021-11-01,2022-12-01,87,13,102,85.29
2021-11-01,2023-01-01,89,14,102,87.25
2021-11-01,2023-02-01,81,15,102,79.41
2021-11-01,2023-03-01,84,16,102,82.35
2021-11-01,2023-04-01,82,17,102,80.39
2021-11-01,2023-05-01,88,18,102,86.27
2021-11-01,2023-06-01,88,19,102,86.27
2021-11-01,2023-07-01,89,20,102,87.25
2021-11-01,2023-08-01,83,21,102,81.37
2021-11-01,2023-09-01,62,22,102,60.78
2021-11-01,2023-10-01,75,23,102,73.53
2021-11-01,2023-11-01,77,24,102,75.49
2021-11-01,2023-12-01,86,25,102,84.31
2021-11-01,2024-01-01,93,26,102,91.18
2021-11-01,2024-02-01,85,27,102,83.33
2021-11-01,2024-03-01,80,28,102,78.43
2021-11-01,2024-04-01,82,29,102,80.39
2021-11-01,2024-05-01,83,30,102,81.37
2021-11-01,2024-06-01,85,31,102,83.33
2021-11-01,2024-07-01,87,32,102,85.29
2021-11-01,2024-08-01,81,33,102,79.41
2021-11-01,2024-09-01,56,34,102,54.9
2021-11-01,2024-10-01,85,35,102,83.33
2021-11-01,2024-11-01,74,36,102,72.55
2021-11-01,2024-12-01,80,37,102,78.43
2021-11-01,2025-01-01,92,38,102,90.2
2021-11-01,2025-02-01,82,39,102,80.39
2021-11-01,2025-03-01,88,40,102,86.27
2021-11-01,2025-04-01,81,41,102,79.41
2021-11-01,2025-05-01,80,42,102,78.43
2021-11-01,2025-06-01,84,43,102,82.35
2021-11-01,2025-07-01,77,44,102,75.49
2021-11-01,2025-08-01,84,45,102,82.35
2021-11-01,2025-09-01,73,46,102,71.57
2021-11-01,2025-10-01,71,47,102,69.61
2021-12-01,2021-12-01,43,0,87,49.43
2021-12-01,2022-01-01,77,1,87,88.51
2021-12-01,2022-02-01,76,2,87,87.36
2021-12-01,2022-03-01,56,3,87,64.37
2021-12-01,2022-04-01,74,4,87,85.06
2021-12-01,2022-05-01,71,5,87,81.61
2021-12-01,2022-06-01,67,6,87,77.01
2021-12-01,2022-07-01,70,7,87,80.46
2021-12-01,2022-08-01,72,8,87,82.76
2021-12-01,2022-09-01,70,9,87,80.46
2021-12-01,2022-10-01,67,10,87,77.01
2021-12-01,2022-11-01,67,11,87,77.01
2021-12-01,2022-12-01,79,12,87,90.8
2021-12-01,2023-01-01,80,13,87,91.95
2021-12-01,2023-02-01,80,14,87,91.95
2021-12-01,2023-03-01,57,15,87,65.52
2021-12-01,2023-04-01,75,16,87,86.21
2021-12-01,2023-05-01,67,17,87,77.01
2021-12-01,2023-06-01,69,18,87,79.31
2021-12-01,2023-07-01,70,19,87,80.46
2021-12-01,2023-08-01,78,20,87,89.66
2021-12-01,2023-09-01,51,21,87,58.62
2021-12-01,2023-10-01,63,22,87,72.41
2021-12-01,2023-11-01,59,23,87,67.82
2021-12-01,2023-12-01,68,24,87,78.16
2021-12-01,2024-01-01,81,25,87,93.1
2021-12-01,2024-02-01,72,26,87,82.76
2021-12-01,2024-03-01,66,27,87,75.86
2021-12-01,2024-04-01,64,28,87,73.56
2021-12-01,2024-05-01,71,29,87,81.61
2021-12-01,2024-06-01,74,30,87,85.06
2021-12-01,2024-07-01,72,31,87,82.76
2021-12-01,2024-08-01,73,32,87,83.91
2021-12-01,2024-09-01,63,33,87,72.41
2021-12-01,2024-10-01,56,34,87,64.37
2021-12-01,2024-11-01,63,35,87,72.41
2021-12-01,2024-12-01,67,36,87,77.01
2021-12-01,2025-01-01,77,37,87,88.51
2021-12-01,2025-02-01,77,38,87,88.51
2021-12-01,2025-03-01,79,39,87,90.8
2021-12-01,2025-04-01,55,40,87,63.22
2021-12-01,2025-05-01,73,41,87,83.91
2021-12-01,2025-06-01,77,42,87,88.51
2021-12-01,2025-07-01,66,43,87,75.86
2021-12-01,2025-08-01,70,44,87,80.46
2021-12-01,2025-09-01,51,45,87,58.62
2021-12-01,2025-10-01,63,46,87,72.41
2022-01-01,2022-01-01,46,0,84,54.76
2022-01-01,2022-02-01,69,1,84,82.14
2022-01-01,2022-03-01,56,2,84,66.67
2022-01-01,2022-04-01,73,3,84,86.9
2022-01-01,2022-05-01,70,4,84,83.33
2022-01-01,2022-06-01,67,5,84,79.76
2022-01-01,2022-07-01,68,6,84,80.95
2022-01-01,2022-08-01,72,7,84,85.71
2022-01-01,2022-09-01,60,8,84,71.43
2022-01-01,2022-10-01,65,9,84,77.38
2022-01-01,2022-11-01,64,10,84,76.19
2022-01-01,2022-12-01,74,11,84,88.1
2022-01-01,2023-01-01,76,12,84,90.48
2022-01-01,2023-02-01,75,13,84,89.29
2022-01-01,2023-03-01,62,14,84,73.81
2022-01-01,2023-04-01,69,15,84,82.14
2022-01-01,2023-05-01,71,16,84,84.52
2022-01-01,2023-06-01,61,17,84,72.62
2022-01-01,2023-07-01,70,18,84,83.33
2022-01-01,2023-08-01,63,19,84,75.0
2022-01-01,2023-09-01,54,20,84,64.29
2022-01-01,2023-10-01,65,21,84,77.38
2022-01-01,2023-11-01,56,22,84,66.67
2022-01-01,2023-12-01,72,23,84,85.71
2022-01-01,2024-01-01,71,24,84,84.52
2022-01-01,2024-02-01,71,25,84,84.52
2022-01-01,2024-03-01,59,26,84,70.24
2022-01-01,2024-04-01,64,27,84,76.19
2022-01-01,2024-05-01,76,28,84,90.48
2022-01-01,2024-06-01,67,29,84,79.76
2022-01-01,2024-07-01,68,30,84,80.95
2022-01-01,2024-08-01,69,31,84,82.14
2022-01-01,2024-09-01,56,32,84,66.67
2022-01-01,2024-10-01,67,33,84,79.76
2022-01-01,2024-11-01,62,34,84,73.81
2022-01-01,2024-12-01,69,35,84,82.14
2022-01-01,2025-01-01,79,36,84,94.05
2022-01-01,2025-02-01,70,37,84,83.33
2022-01-01,2025-03-01,73,38,84,86.9
2022-01-01,2025-04-01,59,39,84,70.24
2022-01-01,2025-05-01,69,40,84,82.14
2022-01-01,2025-06-01,79,41,84,94.05
2022-01-01,2025-07-01,73,42,84,86.9
2022-01-01,2025-08-01,67,43,84,79.76
2022-01-01,2025-09-01,52,44,84,61.9
2022-01-01,2025-10-01,65,45,84,77.38
2022-02-01,2022-02-01,47,0,82,57.32
2022-02-01,2022-03-01,53,1,82,64.63
2022-02-01,2022-04-01,71,2,82,86.59
2022-02-01,2022-05-01,75,3,82,91.46
2022-02-01,2022-06-01,65,4,82,79.27
2022-02-01,2022-07-01,68,5,82,82.93
2022-02-01,2022-08-01,68,6,82,82.93
2022-02-01,2022-09-01,62,7,82,75.61
2022-02-01,2022-10-01,61,8,82,74.39
2022-02-01,2022-11-01,58,9,82,70.73
2022-02-01,2022-12-01,68,10,82,82.93
2022-02-01,2023-01-01,75,11,82,91.46
2022-02-01,2023-02-01,77,12,82,93.9
2022-02-01,2023-03-01,60,13,82,73.17
2022-02-01,2023-04-01,70,14,82,85.37
2022-02-01,2023-05-01,74,15,82,90.24
2022-02-01,2023-06-01,71,16,82,86.59
2022-02-01,2023-07-01,62,17,82,75.61
2022-02-01,2023-08-01,66,18,82,80.49
2022-02-01,2023-09-01,56,19,82,68.29
2022-02-01,2023-10-01,60,20,82,73.17
2022-02-01,2023-11-01,55,21,82,67.07
2022-02-01,2023-12-01,64,22,82,78.05
2022-02-01,2024-01-01,74,23,82,90.24
2022-02-01,2024-02-01,75,24,82,91.46
2022-02-01,2024-03-01,71,25,82,86.59
2022-02-01,2024-04-01,65,26,82,79.27
2022-02-01,2024-05-01,75,27,82,91.46
2022-02-01,2024-06-01,66,28,82,80.49
2022-02-01,2024-07-01,61,29,82,74.39
2022-02-01,2024-08-01,66,30,82,80.49
2022-02-01,2024-09-01,53,31,82,64.63
2022-02-01,2024-10-01,58,32,82,70.73
2022-02-01,2024-11-01,63,33,82,76.83
2022-02-01,2024-12-01,64,34,82,78.05
2022-02-01,2025-01-01,74,35,82,90.24
2022-02-01,2025-02-01,70,36,82,85.37
2022-02-01,2025-03-01,75,37,82,91.46
2022-02-01,2025-04-01,53,38,82,64.63
2022-02-01,2025-05-01,70,39,82,85.37
2022-02-01,2025-06-01,70,40,82,85.37
2022-02-01,2025-07-01,61,41,82,74.39
2022-02-01,2025-08-01,67,42,82,81.71
2022-02-01,2025-09-01,56,43,82,68.29
2022-02-01,2025-10-01,64,44,82,78.05
2022-03-01,2022-03-01,39,0,91,42.86
2022-03-01,2022-04-01,80,1,91,87.91
2022-03-01,2022-05-01,76,2,91,83.52
2022-03-01,2022-06-01,71,3,91,78.02
2022-03-01,2022-07-01,75,4,91,82.42
2022-03-01,2022-08-01,75,5,91,82.42
2022-03-01,2022-09-01,69,6,91,75.82
2022-03-01,2022-10-01,63,7,91,69.23
2022-03-01,2022-11-01,68,8,91,74.73
2022-03-01,2022-12-01,76,9,91,83.52
2022-03-01,2023-01-01,81,10,91,89.01
2022-03-01,2023-02-01,80,11,91,87.91
2022-03-01,2023-03-01,73,12,91,80.22
2022-03-01,2023-04-01,73,13,91,80.22
2022-03-01,2023-05-01,76,14,91,83.52
2022-03-01,2023-06-01,66,15,91,72.53
2022-03-01,2023-07-01,75,16,91,82.42
2022-03-01,2023-08-01,71,17,91,78.02
2022-03-01,2023-09-01,67,18,91,73.63
2022-03-01,2023-10-01,67,19,91,73.63
2022-03-01,2023-11-01,58,20,91,63.74
2022-03-01,2023-12-01,79,21,91,86.81
2022-03-01,2024-01-01,80,22,91,87.91
2022-03-01,2024-02-01,79,23,91,86.81
2022-03-01,2024-03-01,67,24,91,73.63
2022-03-01,2024-04-01,82,25,91,90.11
2022-03-01,2024-05-01,79,26,91,86.81
2022-03-01,2024-06-01,69,27,91,75.82
2022-03-01,2024-07-01,78,28,91,85.71
2022-03-01,2024-08-01,77,29,91,84.62
2022-03-01,2024-09-01,65,30,91,71.43
2022-03-01,2024-10-01,72,31,91,79.12
2022-03-01,2024-11-01,61,32,91,67.03
2022-03-01,2024-12-01,73,33,91,80.22
2022-03-01,2025-01-01,86,34,91,94.51
2022-03-01,2025-02-01,77,35,91,84.62
2022-03-01,2025-03-01,79,36,91,86.81
2022-03-01,2025-04-01,66,37,91,72.53
2022-03-01,2025-05-01,77,38,91,84.62
2022-03-01,2025-06-01,74,39,91,81.32
2022-03-01,2025-07-01,70,40,91,76.92
2022-03-01,2025-08-01,77,41,91,84.62
2022-03-01,2025-09-01,59,42,91,64.84
2022-03-01,2025-10-01,64,43,91,70.33
2022-04-01,2022-04-01,46,0,74,62.16
2022-04-01,2022-05-01,60,1,74,81.08
2022-04-01,2022-06-01,58,2,74,78.38
2022-04-01,2022-07-01,52,3,74,70.27
2022-04-01,2022-08-01,60,4,74,81.08
2022-04-01,2022-09-01,51,5,74,68.92
2022-04-01,2022-10-01,52,6,74,70.27
2022-04-01,2022-11-01,53,7,74,71.62
2022-04-01,2022-12-01,61,8,74,82.43
2022-04-01,2023-01-01,67,9,74,90.54
2022-04-01,2023-02-01,60,10,74,81.08
2022-04-01,2023-03-01,59,11,74,79.73
2022-04-01,2023-04-01,64,12,74,86.49
2022-04-01,2023-05-01,61,13,74,82.43
2022-04-01,2023-06-01,58,14,74,78.38
2022-04-01,2023-07-01,56,15,74,75.68
2022-04-01,2023-08-01,57,16,74,77.03
2022-04-01,2023-09-01,47,17,74,63.51
2022-04-01,2023-10-01,55,18,74,74.32
2022-04-01,2023-11-01,55,19,74,74.32
2022-04-01,2023-12-01,58,20,74,78.38
2022-04-01,2024-01-01,71,21,74,95.95
2022-04-01,2024-02-01,64,22,74,86.49
2022-04-01,2024-03-01,63,23,74,85.14
2022-04-01,2024-04-01,61,24,74,82.43
2022-04-01,2024-05-01,59,25,74,79.73
2022-04-01,2024-06-01,52,26,74,70.27
2022-04-01,2024-07-01,58,27,74,78.38
2022-04-01,2024-08-01,62,28,74,83.78
2022-04-01,2024-09-01,52,29,74,70.27
2022-04-01,2024-10-01,54,30,74,72.97
2022-04-01,2024-11-01,49,31,74,66.22
2022-04-01,2024-12-01,55,32,74,74.32
2022-04-01,2025-01-01,68,33,74,91.89
2022-04-01,2025-02-01,62,34,74,83.78
2022-04-01,2025-03-01,62,35,74,83.78
2022-04-01,2025-04-01,54,36,74,72.97
2022-04-01,2025-05-01,59,37,74,79.73
2022-04-01,2025-06-01,59,38,74,79.73
2022-04-01,2025-07-01,59,39,74,79.73
2022-04-01,2025-08-01,66,40,74,89.19
2022-04-01,2025-09-01,49,41,74,66.22
2022-04-01,2025-10-01,51,42,74,68.92
2022-05-01,2022-05-01,53,0,86,61.63
2022-05-01,2022-06-01,64,1,86,74.42
2022-05-01,2022-07-01,71,2,86,82.56
2022-05-01,2022-08-01,71,3,86,82.56
2022-05-01,2022-09-01,63,4,86,73.26
2022-05-01,2022-10-01,61,5,86,70.93
2022-05-01,2022-11-01,61,6,86,70.93
2022-05-01,2022-12-01,70,7,86,81.4
2022-05-01,2023-01-01,76,8,86,88.37
2022-05-01,2023-02-01,71,9,86,82.56
2022-05-01,2023-03-01,65,10,86,75.58
2022-05-01,2023-04-01,73,11,86,84.88
2022-05-01,2023-05-01,67,12,86,77.91
2022-05-01,2023-06-01,68,13,86,79.07
2022-05-01,2023-07-01,63,14,86,73.26
2022-05-01,2023-08-01,64,15,86,74.42
2022-05-01,2023-09-01,56,16,86,65.12
2022-05-01,2023-10-01,59,17,86,68.6
2022-05-01,2023-11-01,65,18,86,75.58
2022-05-01,2023-12-01,71,19,86,82.56
2022-05-01,2024-01-01,77,20,86,89.53
2022-05-01,2024-02-01,71,21,86,82.56
2022-05-01,2024-03-01,69,22,86,80.23
2022-05-01,2024-04-01,69,23,86,80.23
2022-05-01,2024-05-01,76,24,86,88.37
2022-05-01,2024-06-01,69,25,86,80.23
2022-05-01,2024-07-01,67,26,86,77.91
2022-05-01,2024-08-01,76,27,86,88.37
2022-05-01,2024-09-01,64,28,86,74.42
2022-05-01,2024-10-01,69,29,86,80.23
2022-05-01,2024-11-01,61,30,86,70.93
2022-05-01,2024-12-01,76,31,86,88.37
2022-05-01,2025-01-01,79,32,86,91.86
2022-05-01,2025-02-01,74,33,86,86.05
2022-05-01,2025-03-01,73,34,86,84.88
2022-05-01,2025-04-01,49,35,86,56.98
2022-05-01,2025-05-01,68,36,86,79.07
2022-05-01,2025-06-01,75,37,86,87.21
2022-05-01,2025-07-01,67,38,86,77.91
2022-05-01,2025-08-01,65,39,86,75.58
2022-05-01,2025-09-01,54,40,86,62.79
2022-05-01,2025-10-01,60,41,86,69.77
2022-06-01,2022-06-01,60,0,99,60.61
2022-06-01,2022-07-01,88,1,99,88.89
2022-06-01,2022-08-01,85,2,99,85.86
2022-06-01,2022-09-01,69,3,99,69.7
2022-06-01,2022-10-01,72,4,99,72.73
2022-06-01,2022-11-01,70,5,99,70.71
2022-06-01,2022-12-01,85,6,99,85.86
2022-06-01,2023-01-01,84,7,99,84.85
2022-06-01,2023-02-01,91,8,99,91.92
2022-06-01,2023-03-01,70,9,99,70.71
2022-06-01,2023-04-01,84,10,99,84.85
2022-06-01,2023-05-01,83,11,99,83.84
2022-06-01,2023-06-01,77,12,99,77.78
2022-06-01,2023-07-01,83,13,99,83.84
2022-06-01,2023-08-01,75,14,99,75.76
2022-06-01,2023-09-01,69,15,99,69.7
2022-06-01,2023-10-01,73,16,99,73.74
2022-06-01,2023-11-01,62,17,99,62.63
2022-06-01,2023-12-01,87,18,99,87.88
2022-06-01,2024-01-01,91,19,99,91.92
2022-06-01,2024-02-01,82,20,99,82.83
2022-06-01,2024-03-01,84,21,99,84.85
2022-06-01,2024-04-01,79,22,99,79.8
2022-06-01,2024-05-01,80,23,99,80.81
2022-06-01,2024-06-01,80,24,99,80.81
2022-06-01,2024-07-01,79,25,99,79.8
2022-06-01,2024-08-01,80,26,99,80.81
2022-06-01,2024-09-01,64,27,99,64.65
2022-06-01,2024-10-01,77,28,99,77.78
2022-06-01,2024-11-01,75,29,99,75.76
2022-06-01,2024-12-01,75,30,99,75.76
2022-06-01,2025-01-01,88,31,99,88.89
2022-06-01,2025-02-01,87,32,99,87.88
2022-06-01,2025-03-01,84,33,99,84.85
2022-06-01,2025-04-01,70,34,99,70.71
2022-06-01,2025-05-01,82,35,99,82.83
2022-06-01,2025-06-01,84,36,99,84.85
2022-06-01,2025-07-01,81,37,99,81.82
2022-06-01,2025-08-01,83,38,99,83.84
2022-06-01,2025-09-01,75,39,99,75.76
2022-06-01,2025-10-01,75,40,99,75.76
2022-07-01,2022-07-01,46,0,106,43.4
2022-07-01,2022-08-01,84,1,106,79.25
2022-07-01,2022-09-01,72,2,106,67.92
2022-07-01,2022-10-01,84,3,106,79.25
2022-07-01,2022-11-01,77,4,106,72.64
2022-07-01,2022-12-01,85,5,106,80.19
2022-07-01,2023-01-01,93,6,106,87.74
2022-07-01,2023-02-01,93,7,106,87.74
2022-07-01,2023-03-01,84,8,106,79.25
2022-07-01,2023-04-01,91,9,106,85.85
2022-07-01,2023-05-01,78,10,106,73.58
2022-07-01,2023-06-01,87,11,106,82.08
2022-07-01,2023-07-01,87,12,106,82.08
2022-07-01,2023-08-01,85,13,106,80.19
2022-07-01,2023-09-01,72,14,106,67.92
2022-07-01,2023-10-01,85,15,106,80.19
2022-07-01,2023-11-01,74,16,106,69.81
2022-07-01,2023-12-01,91,17,106,85.85
2022-07-01,2024-01-01,95,18,106,89.62
2022-07-01,2024-02-01,88,19,106,83.02
2022-07-01,2024-03-01,83,20,106,78.3
2022-07-01,2024-04-01,84,21,106,79.25
2022-07-01,2024-05-01,87,22,106,82.08
2022-07-01,2024-06-01,88,23,106,83.02
2022-07-01,2024-07-01,85,24,106,80.19
2022-07-01,2024-08-01,79,25,106,74.53
2022-07-01,2024-09-01,79,26,106,74.53
2022-07-01,2024-10-01,78,27,106,73.58
2022-07-01,2024-11-01,72,28,106,67.92
2022-07-01,2024-12-01,88,29,106,83.02
2022-07-01,2025-01-01,94,30,106,88.68
2022-07-01,2025-02-01,87,31,106,82.08
2022-07-01,2025-03-01,89,32,106,83.96
2022-07-01,2025-04-01,76,33,106,71.7
2022-07-01,2025-05-01,94,34,106,88.68
2022-07-01,2025-06-01,85,35,106,80.19
2022-07-01,2025-07-01,84,36,106,79.25
2022-07-01,2025-08-01,89,37,106,83.96
2022-07-01,2025-09-01,77,38,106,72.64
2022-07-01,2025-10-01,79,39,106,74.53
2022-08-01,2022-08-01,33,0,70,47.14
2022-08-01,2022-09-01,42,1,70,60.0
2022-08-01,2022-10-01,51,2,70,72.86
2022-08-01,2022-11-01,49,3,70,70.0
2022-08-01,2022-12-01,57,4,70,81.43
2022-08-01,2023-01-01,63,5,70,90.0
2022-08-01,2023-02-01,60,6,70,85.71
2022-08-01,2023-03-01,55,7,70,78.57
2022-08-01,2023-04-01,57,8,70,81.43
2022-08-01,2023-05-01,55,9,70,78.57
2022-08-01,2023-06-01,64,10,70,91.43
2022-08-01,2023-07-01,60,11,70,85.71
2022-08-01,2023-08-01,53,12,70,75.71
2022-08-01,2023-09-01,47,13,70,67.14
2022-08-01,2023-10-01,51,14,70,72.86
2022-08-01,2023-11-01,50,15,70,71.43
2022-08-01,2023-12-01,61,16,70,87.14
2022-08-01,2024-01-01,63,17,70,90.0
2022-08-01,2024-02-01,58,18,70,82.86
2022-08-01,2024-03-01,61,19,70,87.14
2022-08-01,2024-04-01,52,20,70,74.29
2022-08-01,2024-05-01,63,21,70,90.0
2022-08-01,2024-06-01,52,22,70,74.29
2022-08-01,2024-07-01,57,23,70,81.43
2022-08-01,2024-08-01,60,24,70,85.71
2022-08-01,2024-09-01,44,25,70,62.86
2022-08-01,2024-10-01,49,26,70,70.0
2022-08-01,2024-11-01,51,27,70,72.86
2022-08-01,2024-12-01,52,28,70,74.29
2022-08-01,2025-01-01,66,29,70,94.29
2022-08-01,2025-02-01,64,30,70,91.43
2022-08-01,2025-03-01,56,31,70,80.0
2022-08-01,2025-04-01,48,32,70,68.57
2022-08-01,2025-05-01,59,33,70,84.29
2022-08-01,2025-06-01,58,34,70,82.86
2022-08-01,2025-07-01,49,35,70,70.0
2022-08-01,2025-08-01,60,36,70,85.71
2022-08-01,2025-09-01,48,37,70,68.57
2022-08-01,2025-10-01,55,38,70,78.57
2022-09-01,2022-09-01,28,0,76,36.84
2022-09-01,2022-10-01,50,1,76,65.79
2022-09-01,2022-11-01,58,2,76,76.32
2022-09-01,2022-12-01,64,3,76,84.21
2022-09-01,2023-01-01,63,4,76,82.89
2022-09-01,2023-02-01,63,5,76,82.89
2022-09-01,2023-03-01,53,6,76,69.74
2022-09-01,2023-04-01,65,7,76,85.53
2022-09-01,2023-05-01,62,8,76,81.58
2022-09-01,2023-06-01,63,9,76,82.89
2022-09-01,2023-07-01,57,10,76,75.0
2022-09-01,2023-08-01,63,11,76,82.89
2022-09-01,2023-09-01,43,12,76,56.58
2022-09-01,2023-10-01,52,13,76,68.42
2022-09-01,2023-11-01,62,14,76,81.58
2022-09-01,2023-12-01,63,15,76,82.89
2022-09-01,2024-01-01,71,16,76,93.42
2022-09-01,2024-02-01,64,17,76,84.21
2022-09-01,2024-03-01,62,18,76,81.58
2022-09-01,2024-04-01,58,19,76,76.32
2022-09-01,2024-05-01,60,20,76,78.95
2022-09-01,2024-06-01,69,21,76,90.79
2022-09-01,2024-07-01,64,22,76,84.21
2022-09-01,2024-08-01,65,23,76,85.53
2022-09-01,2024-09-01,58,24,76,76.32
2022-09-01,2024-10-01,59,25,76,77.63
2022-09-01,2024-11-01,54,26,76,71.05
2022-09-01,2024-12-01,63,27,76,82.89
2022-09-01,2025-01-01,67,28,76,88.16
2022-09-01,2025-02-01,63,29,76,82.89
2022-09-01,2025-03-01,70,30,76,92.11
2022-09-01,2025-04-01,54,31,76,71.05
2022-09-01,2025-05-01,66,32,76,86.84
2022-09-01,2025-06-01,67,33,76,88.16
2022-09-01,2025-07-01,54,34,76,71.05
2022-09-01,2025-08-01,65,35,76,85.53
2022-09-01,2025-09-01,57,36,76,75.0
2022-09-01,2025-10-01,54,37,76,71.05
2022-10-01,2022-10-01,49,0,89,55.06
2022-10-01,2022-11-01,64,1,89,71.91
2022-10-01,2022-12-01,74,2,89,83.15
2022-10-01,2023-01-01,83,3,89,93.26
2022-10-01,2023-02-01,74,4,89,83.15
2022-10-01,2023-03-01,70,5,89,78.65
2022-10-01,2023-04-01,66,6,89,74.16
2022-10-01,2023-05-01,70,7,89,78.65
2022-10-01,2023-06-01,74,8,89,83.15
2022-10-01,2023-07-01,71,9,89,79.78
2022-10-01,2023-08-01,70,10,89,78.65
2022-10-01,2023-09-01,67,11,89,75.28
2022-10-01,2023-10-01,60,12,89,67.42
2022-10-01,2023-11-01,68,13,89,76.4
2022-10-01,2023-12-01,71,14,89,79.78
2022-10-01,2024-01-01,79,15,89,88.76
2022-10-01,2024-02-01,77,16,89,86.52
2022-10-01,2024-03-01,74,17,89,83.15
2022-10-01,2024-04-01,72,18,89,80.9
2022-10-01,2024-05-01,72,19,89,80.9
2022-10-01,2024-06-01,72,20,89,80.9
2022-10-01,2024-07-01,68,21,89,76.4
2022-10-01,2024-08-01,75,22,89,84.27
2022-10-01,2024-09-01,61,23,89,68.54
2022-10-01,2024-10-01,70,24,89,78.65
2022-10-01,2024-11-01,52,25,89,58.43
2022-10-01,2024-12-01,70,26,89,78.65
2022-10-01,2025-01-01,77,27,89,86.52
2022-10-01,2025-02-01,75,28,89,84.27
2022-10-01,2025-03-01,77,29,89,86.52
2022-10-01,2025-04-01,58,30,89,65.17
2022-10-01,2025-05-01,80,31,89,89.89
2022-10-01,2025-06-01,75,32,89,84.27
2022-10-01,2025-07-01,71,33,89,79.78
2022-10-01,2025-08-01,72,34,89,80.9
2022-10-01,2025-09-01,69,35,89,77.53
2022-10-01,2025-10-01,75,36,89,84.27
2022-11-01,2022-11-01,37,0,74,50.0
2022-11-01,2022-12-01,57,1,74,77.03
2022-11-01,2023-01-01,65,2,74,87.84
2022-11-01,2023-02-01,64,3,74,86.49
2022-11-01,2023-03-01,60,4,74,81.08
2022-11-01,2023-04-01,59,5,74,79.73
2022-11-01,2023-05-01,58,6,74,78.38
2022-11-01,2023-06-01,62,7,74,83.78
2022-11-01,2023-07-01,64,8,74,86.49
2022-11-01,2023-08-01,58,9,74,78.38
2022-11-01,2023-09-01,50,10,74,67.57
2022-11-01,2023-10-01,55,11,74,74.32
2022-11-01,2023-11-01,53,12,74,71.62
2022-11-01,2023-12-01,61,13,74,82.43
2022-11-01,2024-01-01,63,14,74,85.14
2022-11-01,2024-02-01,67,15,74,90.54
2022-11-01,2024-03-01,57,16,74,77.03
2022-11-01,2024-04-01,51,17,74,68.92
2022-11-01,2024-05-01,59,18,74,79.73
2022-11-01,2024-06-01,69,19,74,93.24
2022-11-01,2024-07-01,58,20,74,78.38
2022-11-01,2024-08-01,61,21,74,82.43
2022-11-01,2024-09-01,54,22,74,72.97
2022-11-01,2024-10-01,54,23,74,72.97
2022-11-01,2024-11-01,56,24,74,75.68
2022-11-01,2024-12-01,62,25,74,83.78
2022-11-01,2025-01-01,68,26,74,91.89
2022-11-01,2025-02-01,66,27,74,89.19
2022-11-01,2025-03-01,67,28,74,90.54
2022-11-01,2025-04-01,54,29,74,72.97
2022-11-01,2025-05-01,63,30,74,85.14
2022-11-01,2025-06-01,67,31,74,90.54
2022-11-01,2025-07-01,56,32,74,75.68
2022-11-01,2025-08-01,63,33,74,85.14
2022-11-01,2025-09-01,56,34,74,75.68
2022-11-01,2025-10-01,54,35,74,72.97
2022-12-01,2022-12-01,45,0,78,57.69
2022-12-01,2023-01-01,70,1,78,89.74
2022-12-01,2023-02-01,67,2,78,85.9
2022-12-01,2023-03-01,56,3,78,71.79
2022-12-01,2023-04-01,63,4,78,80.77
2022-12-01,2023-05-01,67,5,78,85.9
2022-12-01,2023-06-01,67,6,78,85.9
2022-12-01,2023-07-01,60,7,78,76.92
2022-12-01,2023-08-01,63,8,78,80.77
2022-12-01,2023-09-01,47,9,78,60.26
2022-12-01,2023-10-01,55,10,78,70.51
2022-12-01,2023-11-01,47,11,78,60.26
2022-12-01,2023-12-01,65,12,78,83.33
2022-12-01,2024-01-01,66,13,78,84.62
2022-12-01,2024-02-01,64,14,78,82.05
2022-12-01,2024-03-01,61,15,78,78.21
2022-12-01,2024-04-01,61,16,78,78.21
2022-12-01,2024-05-01,67,17,78,85.9
2022-12-01,2024-06-01,66,18,78,84.62
2022-12-01,2024-07-01,57,19,78,73.08
2022-12-01,2024-08-01,68,20,78,87.18
2022-12-01,2024-09-01,55,21,78,70.51
2022-12-01,2024-10-01,56,22,78,71.79
2022-12-01,2024-11-01,56,23,78,71.79
2022-12-01,2024-12-01,62,24,78,79.49
2022-12-01,2025-01-01,70,25,78,89.74
2022-12-01,2025-02-01,69,26,78,88.46
2022-12-01,2025-03-01,63,27,78,80.77
2022-12-01,2025-04-01,58,28,78,74.36
2022-12-01,2025-05-01,63,29,78,80.77
2022-12-01,2025-06-01,62,30,78,79.49
2022-12-01,2025-07-01,64,31,78,82.05
2022-12-01,2025-08-01,65,32,78,83.33
2022-12-01,2025-09-01,60,33,78,76.92
2022-12-01,2025-10-01,58,34,78,74.36
2023-01-01,2023-01-01,56,0,89,62.92
2023-01-01,2023-02-01,77,1,89,86.52
2023-01-01,2023-03-01,67,2,89,75.28
2023-01-01,2023-04-01,75,3,89,84.27
2023-01-01,2023-05-01,77,4,89,86.52
2023-01-01,2023-06-01,75,5,89,84.27
2023-01-01,2023-07-01,74,6,89,83.15
2023-01-01,2023-08-01,74,7,89,83.15
2023-01-01,2023-09-01,59,8,89,66.29
2023-01-01,2023-10-01,67,9,89,75.28
2023-01-01,2023-11-01,56,10,89,62.92
2023-01-01,2023-12-01,64,11,89,71.91
2023-01-01,2024-01-01,78,12,89,87.64
2023-01-01,2024-02-01,77,13,89,86.52
2023-01-01,2024-03-01,70,14,89,78.65
2023-01-01,2024-04-01,66,15,89,74.16
2023-01-01,2024-05-01,69,16,89,77.53
2023-01-01,2024-06-01,75,17,89,84.27
2023-01-01,2024-07-01,71,18,89,79.78
2023-01-01,2024-08-01,72,19,89,80.9
2023-01-01,2024-09-01,63,20,89,70.79
2023-01-01,2024-10-01,56,21,89,62.92
2023-01-01,2024-11-01,61,22,89,68.54
2023-01-01,2024-12-01,72,23,89,80.9
2023-01-01,2025-01-01,86,24,89,96.63
2023-01-01,2025-02-01,81,25,89,91.01
2023-01-01,2025-03-01,76,26,89,85.39
2023-01-01,2025-04-01,70,27,89,78.65
2023-01-01,2025-05-01,82,28,89,92.13
2023-01-01,2025-06-01,79,29,89,88.76
2023-01-01,2025-07-01,70,30,89,78.65
2023-01-01,2025-08-01,65,31,89,73.03
2023-01-01,2025-09-01,67,32,89,75.28
2023-01-01,2025-10-01,66,33,89,74.16
2023-02-01,2023-02-01,27,0,50,54.0
2023-02-01,2023-03-01,39,1,50,78.0
2023-02-01,2023-04-01,39,2,50,78.0
2023-02-01,2023-05-01,43,3,50,86.0
2023-02-01,2023-06-01,37,4,50,74.0
2023-02-01,2023-07-01,40,5,50,80.0
2023-02-01,2023-08-01,35,6,50,70.0
2023-02-01,2023-09-01,42,7,50,84.0
2023-02-01,2023-10-01,36,8,50,72.0
2023-02-01,2023-11-01,39,9,50,78.0
2023-02-01,2023-12-01,41,10,50,82.0
2023-02-01,2024-01-01,48,11,50,96.0
2023-02-01,2024-02-01,41,12,50,82.0
2023-02-01,2024-03-01,35,13,50,70.0
2023-02-01,2024-04-01,39,14,50,78.0
2023-02-01,2024-05-01,43,15,50,86.0
2023-02-01,2024-06-01,42,16,50,84.0
2023-02-01,2024-07-01,46,17,50,92.0
2023-02-01,2024-08-01,45,18,50,90.0
2023-02-01,2024-09-01,37,19,50,74.0
2023-02-01,2024-10-01,33,20,50,66.0
2023-02-01,2024-11-01,41,21,50,82.0
2023-02-01,2024-12-01,44,22,50,88.0
2023-02-01,2025-01-01,47,23,50,94.0
2023-02-01,2025-02-01,44,24,50,88.0
2023-02-01,2025-03-01,42,25,50,84.0
2023-02-01,2025-04-01,33,26,50,66.0
2023-02-01,2025-05-01,42,27,50,84.0
2023-02-01,2025-06-01,41,28,50,82.0
2023-02-01,2025-07-01,40,29,50,80.0
2023-02-01,2025-08-01,41,30,50,82.0
2023-02-01,2025-09-01,27,31,50,54.0
2023-02-01,2025-10-01,30,32,50,60.0
2023-03-01,2023-03-01,47,0,93,50.54
2023-03-01,2023-04-01,79,1,93,84.95
2023-03-01,2023-05-01,79,2,93,84.95
2023-03-01,2023-06-01,79,3,93,84.95
2023-03-01,2023-07-01,77,4,93,82.8
2023-03-01,2023-08-01,78,5,93,83.87
2023-03-01,2023-09-01,69,6,93,74.19
2023-03-01,2023-10-01,73,7,93,78.49
2023-03-01,2023-11-01,67,8,93,72.04
2023-03-01,2023-12-01,76,9,93,81.72
2023-03-01,2024-01-01,79,10,93,84.95
2023-03-01,2024-02-01,85,11,93,91.4
2023-03-01,2024-03-01,79,12,93,84.95
2023-03-01,2024-04-01,72,13,93,77.42
2023-03-01,2024-05-01,82,14,93,88.17
2023-03-01,2024-06-01,75,15,93,80.65
2023-03-01,2024-07-01,74,16,93,79.57
2023-03-01,2024-08-01,76,17,93,81.72
2023-03-01,2024-09-01,64,18,93,68.82
2023-03-01,2024-10-01,66,19,93,70.97
2023-03-01,2024-11-01,76,20,93,81.72
2023-03-01,2024-12-01,67,21,93,72.04
2023-03-01,2025-01-01,85,22,93,91.4
2023-03-01,2025-02-01,79,23,93,84.95
2023-03-01,2025-03-01,84,24,93,90.32
2023-03-01,2025-04-01,63,25,93,67.74
2023-03-01,2025-05-01,83,26,93,89.25
2023-03-01,2025-06-01,79,27,93,84.95
2023-03-01,2025-07-01,73,28,93,78.49
2023-03-01,2025-08-01,73,29,93,78.49
2023-03-01,2025-09-01,62,30,93,66.67
2023-03-01,2025-10-01,66,31,93,70.97
2023-04-01,2023-04-01,38,0,87,43.68
2023-04-01,2023-05-01,73,1,87,83.91
2023-04-01,2023-06-01,74,2,87,85.06
2023-04-01,2023-07-01,69,3,87,79.31
2023-04-01,2023-08-01,64,4,87,73.56
2023-04-01,2023-09-01,63,5,87,72.41
2023-04-01,2023-10-01,65,6,87,74.71
2023-04-01,2023-11-01,55,7,87,63.22
2023-04-01,2023-12-01,70,8,87,80.46
2023-04-01,2024-01-01,81,9,87,93.1
2023-04-01,2024-02-01,78,10,87,89.66
2023-04-01,2024-03-01,68,11,87,78.16
2023-04-01,2024-04-01,73,12,87,83.91
2023-04-01,2024-05-01,68,13,87,78.16
2023-04-01,2024-06-01,72,14,87,82.76
2023-04-01,2024-07-01,68,15,87,78.16
2023-04-01,2024-08-01,73,16,87,83.91
2023-04-01,2024-09-01,65,17,87,74.71
2023-04-01,2024-10-01,61,18,87,70.11
2023-04-01,2024-11-01,62,19,87,71.26
2023-04-01,2024-12-01,69,20,87,79.31
2023-04-01,2025-01-01,75,21,87,86.21
2023-04-01,2025-02-01,69,22,87,79.31
2023-04-01,2025-03-01,76,23,87,87.36
2023-04-01,2025-04-01,62,24,87,71.26
2023-04-01,2025-05-01,74,25,87,85.06
2023-04-01,2025-06-01,79,26,87,90.8
2023-04-01,2025-07-01,66,27,87,75.86
2023-04-01,2025-08-01,75,28,87,86.21
2023-04-01,2025-09-01,61,29,87,70.11
2023-04-01,2025-10-01,59,30,87,67.82
2023-05-01,2023-05-01,40,0,77,51.95
2023-05-01,2023-06-01,67,1,77,87.01
2023-05-01,2023-07-01,60,2,77,77.92
2023-05-01,2023-08-01,60,3,77,77.92
2023-05-01,2023-09-01,52,4,77,67.53
2023-05-01,2023-10-01,58,5,77,75.32
2023-05-01,2023-11-01,57,6,77,74.03
2023-05-01,2023-12-01,58,7,77,75.32
2023-05-01,2024-01-01,71,8,77,92.21
2023-05-01,2024-02-01,66,9,77,85.71
2023-05-01,2024-03-01,65,10,77,84.42
2023-05-01,2024-04-01,66,11,77,85.71
2023-05-01,2024-05-01,65,12,77,84.42
2023-05-01,2024-06-01,68,13,77,88.31
2023-05-01,2024-07-01,59,14,77,76.62
2023-05-01,2024-08-01,62,15,77,80.52
2023-05-01,2024-09-01,56,16,77,72.73
2023-05-01,2024-10-01,55,17,77,71.43
2023-05-01,2024-11-01,60,18,77,77.92
2023-05-01,2024-12-01,64,19,77,83.12
2023-05-01,2025-01-01,68,20,77,88.31
2023-05-01,2025-02-01,64,21,77,83.12
2023-05-01,2025-03-01,65,22,77,84.42
2023-05-01,2025-04-01,51,23,77,66.23
2023-05-01,2025-05-01,63,24,77,81.82
2023-05-01,2025-06-01,70,25,77,90.91
2023-05-01,2025-07-01,60,26,77,77.92
2023-05-01,2025-08-01,60,27,77,77.92
2023-05-01,2025-09-01,57,28,77,74.03
2023-05-01,2025-10-01,59,29,77,76.62
2023-06-01,2023-06-01,61,0,110,55.45
2023-06-01,2023-07-01,92,1,110,83.64
2023-06-01,2023-08-01,94,2,110,85.45
2023-06-01,2023-09-01,77,3,110,70.0
2023-06-01,2023-10-01,74,4,110,67.27
2023-06-01,2023-11-01,66,5,110,60.0
2023-06-01,2023-12-01,94,6,110,85.45
2023-06-01,2024-01-01,99,7,110,90.0
2023-06-01,2024-02-01,94,8,110,85.45
2023-06-01,2024-03-01,89,9,110,80.91
2023-06-01,2024-04-01,91,10,110,82.73
2023-06-01,2024-05-01,93,11,110,84.55
2023-06-01,2024-06-01,91,12,110,82.73
2023-06-01,2024-07-01,87,13,110,79.09
2023-06-01,2024-08-01,89,14,110,80.91
2023-06-01,2024-09-01,80,15,110,72.73
2023-06-01,2024-10-01,74,16,110,67.27
2023-06-01,2024-11-01,83,17,110,75.45
2023-06-01,2024-12-01,86,18,110,78.18
2023-06-01,2025-01-01,100,19,110,90.91
2023-06-01,2025-02-01,93,20,110,84.55
2023-06-01,2025-03-01,96,21,110,87.27
2023-06-01,2025-04-01,74,22,110,67.27
2023-06-01,2025-05-01,89,23,110,80.91
2023-06-01,2025-06-01,90,24,110,81.82
2023-06-01,2025-07-01,93,25,110,84.55
2023-06-01,2025-08-01,83,26,110,75.45
2023-06-01,2025-09-01,73,27,110,66.36
2023-06-01,2025-10-01,85,28,110,77.27
2023-07-01,2023-07-01,47,0,90,52.22
2023-07-01,2023-08-01,72,1,90,80.0
2023-07-01,2023-09-01,61,2,90,67.78
2023-07-01,2023-10-01,65,3,90,72.22
2023-07-01,2023-11-01,61,4,90,67.78
2023-07-01,2023-12-01,72,5,90,80.0
2023-07-01,2024-01-01,85,6,90,94.44
2023-07-01,2024-02-01,78,7,90,86.67
2023-07-01,2024-03-01,67,8,90,74.44
2023-07-01,2024-04-01,74,9,90,82.22
2023-07-01,2024-05-01,75,10,90,83.33
2023-07-01,2024-06-01,75,11,90,83.33
2023-07-01,2024-07-01,71,12,90,78.89
2023-07-01,2024-08-01,75,13,90,83.33
2023-07-01,2024-09-01,60,14,90,66.67
2023-07-01,2024-10-01,68,15,90,75.56
2023-07-01,2024-11-01,73,16,90,81.11
2023-07-01,2024-12-01,74,17,90,82.22
2023-07-01,2025-01-01,84,18,90,93.33
2023-07-01,2025-02-01,71,19,90,78.89
2023-07-01,2025-03-01,75,20,90,83.33
2023-07-01,2025-04-01,60,21,90,66.67
2023-07-01,2025-05-01,72,22,90,80.0
2023-07-01,2025-06-01,81,23,90,90.0
2023-07-01,2025-07-01,73,24,90,81.11
2023-07-01,2025-08-01,77,25,90,85.56
2023-07-01,2025-09-01,67,26,90,74.44
2023-07-01,2025-10-01,64,27,90,71.11
2023-08-01,2023-08-01,47,0,91,51.65
2023-08-01,2023-09-01,67,1,91,73.63
2023-08-01,2023-10-01,65,2,91,71.43
2023-08-01,2023-11-01,64,3,91,70.33
2023-08-01,2023-12-01,78,4,91,85.71
2023-08-01,2024-01-01,87,5,91,95.6
2023-08-01,2024-02-01,74,6,91,81.32
2023-08-01,2024-03-01,75,7,91,82.42
2023-08-01,2024-04-01,69,8,91,75.82
2023-08-01,2024-05-01,72,9,91,79.12
2023-08-01,2024-06-01,80,10,91,87.91
2023-08-01,2024-07-01,80,11,91,87.91
2023-08-01,2024-08-01,76,12,91,83.52
2023-08-01,2024-09-01,71,13,91,78.02
2023-08-01,2024-10-01,64,14,91,70.33
2023-08-01,2024-11-01,57,15,91,62.64
2023-08-01,2024-12-01,69,16,91,75.82
2023-08-01,2025-01-01,86,17,91,94.51
2023-08-01,2025-02-01,78,18,91,85.71
2023-08-01,2025-03-01,79,19,91,86.81
2023-08-01,2025-04-01,62,20,91,68.13
2023-08-01,2025-05-01,78,21,91,85.71
2023-08-01,2025-06-01,76,22,91,83.52
2023-08-01,2025-07-01,74,23,91,81.32
2023-08-01,2025-08-01,74,24,91,81.32
2023-08-01,2025-09-01,69,25,91,75.82
2023-08-01,2025-10-01,63,26,91,69.23
2023-09-01,2023-09-01,36,0,89,40.45
2023-09-01,2023-10-01,63,1,89,70.79
2023-09-01,2023-11-01,62,2,89,69.66
2023-09-01,2023-12-01,73,3,89,82.02
2023-09-01,2024-01-01,79,4,89,88.76
2023-09-01,2024-02-01,78,5,89,87.64
2023-09-01,2024-03-01,74,6,89,83.15
2023-09-01,2024-04-01,74,7,89,83.15
2023-09-01,2024-05-01,75,8,89,84.27
2023-09-01,2024-06-01,68,9,89,76.4
2023-09-01,2024-07-01,74,10,89,83.15
2023-09-01,2024-08-01,72,11,89,80.9
2023-09-01,2024-09-01,56,12,89,62.92
2023-09-01,2024-10-01,63,13,89,70.79
2023-09-01,2024-11-01,62,14,89,69.66
2023-09-01,2024-12-01,67,15,89,75.28
2023-09-01,2025-01-01,79,16,89,88.76
2023-09-01,2025-02-01,75,17,89,84.27
2023-09-01,2025-03-01,79,18,89,88.76
2023-09-01,2025-04-01,60,19,89,67.42
2023-09-01,2025-05-01,76,20,89,85.39
2023-09-01,2025-06-01,71,21,89,79.78
2023-09-01,2025-07-01,71,22,89,79.78
2023-09-01,2025-08-01,72,23,89,80.9
2023-09-01,2025-09-01,65,24,89,73.03
2023-09-01,2025-10-01,63,25,89,70.79
2023-10-01,2023-10-01,40,0,92,43.48
2023-10-01,2023-11-01,66,1,92,71.74
2023-10-01,2023-12-01,75,2,92,81.52
2023-10-01,2024-01-01,81,3,92,88.04
2023-10-01,2024-02-01,82,4,92,89.13
2023-10-01,2024-03-01,77,5,92,83.7
2023-10-01,2024-04-01,68,6,92,73.91
2023-10-01,2024-05-01,84,7,92,91.3
2023-10-01,2024-06-01,79,8,92,85.87
2023-10-01,2024-07-01,77,9,92,83.7
2023-10-01,2024-08-01,71,10,92,77.17
2023-10-01,2024-09-01,65,11,92,70.65
2023-10-01,2024-10-01,69,12,92,75.0
2023-10-01,2024-11-01,70,13,92,76.09
2023-10-01,2024-12-01,80,14,92,86.96
2023-10-01,2025-01-01,83,15,92,90.22
2023-10-01,2025-02-01,79,16,92,85.87
2023-10-01,2025-03-01,80,17,92,86.96
2023-10-01,2025-04-01,63,18,92,68.48
2023-10-01,2025-05-01,83,19,92,90.22
2023-10-01,2025-06-01,79,20,92,85.87
2023-10-01,2025-07-01,74,21,92,80.43
2023-10-01,2025-08-01,75,22,92,81.52
2023-10-01,2025-09-01,57,23,92,61.96
2023-10-01,2025-10-01,68,24,92,73.91
2023-11-01,2023-11-01,40,0,88,45.45
2023-11-01,2023-12-01,74,1,88,84.09
2023-11-01,2024-01-01,80,2,88,90.91
2023-11-01,2024-02-01,73,3,88,82.95
2023-11-01,2024-03-01,68,4,88,77.27
2023-11-01,2024-04-01,72,5,88,81.82
2023-11-01,2024-05-01,77,6,88,87.5
2023-11-01,2024-06-01,77,7,88,87.5
2023-11-01,2024-07-01,74,8,88,84.09
2023-11-01,2024-08-01,73,9,88,82.95
2023-11-01,2024-09-01,55,10,88,62.5
2023-11-01,2024-10-01,71,11,88,80.68
2023-11-01,2024-11-01,59,12,88,67.05
2023-11-01,2024-12-01,74,13,88,84.09
2023-11-01,2025-01-01,78,14,88,88.64
2023-11-01,2025-02-01,77,15,88,87.5
2023-11-01,2025-03-01,72,16,88,81.82
2023-11-01,2025-04-01,69,17,88,78.41
2023-11-01,2025-05-01,74,18,88,84.09
2023-11-01,2025-06-01,73,19,88,82.95
2023-11-01,2025-07-01,72,20,88,81.82
2023-11-01,2025-08-01,73,21,88,82.95
2023-11-01,2025-09-01,61,22,88,69.32
2023-11-01,2025-10-01,60,23,88,68.18
2023-12-01,2023-12-01,47,0,96,48.96
2023-12-01,2024-01-01,86,1,96,89.58
2023-12-01,2024-02-01,86,2,96,89.58
2023-12-01,2024-03-01,83,3,96,86.46
2023-12-01,2024-04-01,78,4,96,81.25
2023-12-01,2024-05-01,83,5,96,86.46
2023-12-01,2024-06-01,79,6,96,82.29
2023-12-01,2024-07-01,83,7,96,86.46
2023-12-01,2024-08-01,72,8,96,75.0
2023-12-01,2024-09-01,62,9,96,64.58
2023-12-01,2024-10-01,70,10,96,72.92
2023-12-01,2024-11-01,61,11,96,63.54
2023-12-01,2024-12-01,75,12,96,78.12
2023-12-01,2025-01-01,89,13,96,92.71
2023-12-01,2025-02-01,81,14,96,84.38
2023-12-01,2025-03-01,88,15,96,91.67
2023-12-01,2025-04-01,64,16,96,66.67
2023-12-01,2025-05-01,88,17,96,91.67
2023-12-01,2025-06-01,78,18,96,81.25
2023-12-01,2025-07-01,81,19,96,84.38
2023-12-01,2025-08-01,78,20,96,81.25
2023-12-01,2025-09-01,69,21,96,71.88
2023-12-01,2025-10-01,72,22,96,75.0
2024-01-01,2024-01-01,64,0,97,65.98
2024-01-01,2024-02-01,82,1,97,84.54
2024-01-01,2024-03-01,81,2,97,83.51
2024-01-01,2024-04-01,71,3,97,73.2
2024-01-01,2024-05-01,81,4,97,83.51
2024-01-01,2024-06-01,83,5,97,85.57
2024-01-01,2024-07-01,83,6,97,85.57
2024-01-01,2024-08-01,78,7,97,80.41
2024-01-01,2024-09-01,64,8,97,65.98
2024-01-01,2024-10-01,75,9,97,77.32
2024-01-01,2024-11-01,65,10,97,67.01
2024-01-01,2024-12-01,71,11,97,73.2
2024-01-01,2025-01-01,88,12,97,90.72
2024-01-01,2025-02-01,84,13,97,86.6
2024-01-01,2025-03-01,86,14,97,88.66
2024-01-01,2025-04-01,64,15,97,65.98
2024-01-01,2025-05-01,82,16,97,84.54
2024-01-01,2025-06-01,85,17,97,87.63
2024-01-01,2025-07-01,75,18,97,77.32
2024-01-01,2025-08-01,76,19,97,78.35
2024-01-01,2025-09-01,67,20,97,69.07
2024-01-01,2025-10-01,69,21,97,71.13
2024-02-01,2024-02-01,35,0,79,44.3
2024-02-01,2024-03-01,58,1,79,73.42
2024-02-01,2024-04-01,65,2,79,82.28
2024-02-01,2024-05-01,71,3,79,89.87
2024-02-01,2024-06-01,67,4,79,84.81
2024-02-01,2024-07-01,65,5,79,82.28
2024-02-01,2024-08-01,66,6,79,83.54
2024-02-01,2024-09-01,54,7,79,68.35
2024-02-01,2024-10-01,65,8,79,82.28
2024-02-01,2024-11-01,58,9,79,73.42
2024-02-01,2024-12-01,64,10,79,81.01
2024-02-01,2025-01-01,68,11,79,86.08
2024-02-01,2025-02-01,72,12,79,91.14
2024-02-01,2025-03-01,69,13,79,87.34
2024-02-01,2025-04-01,52,14,79,65.82
2024-02-01,2025-05-01,68,15,79,86.08
2024-02-01,2025-06-01,69,16,79,87.34
2024-02-01,2025-07-01,60,17,79,75.95
2024-02-01,2025-08-01,65,18,79,82.28
2024-02-01,2025-09-01,58,19,79,73.42
2024-02-01,2025-10-01,52,20,79,65.82
2024-03-01,2024-03-01,47,0,92,51.09
2024-03-01,2024-04-01,75,1,92,81.52
2024-03-01,2024-05-01,75,2,92,81.52
2024-03-01,2024-06-01,77,3,92,83.7
2024-03-01,2024-07-01,77,4,92,83.7
2024-03-01,2024-08-01,75,5,92,81.52
2024-03-01,2024-09-01,56,6,92,60.87
2024-03-01,2024-10-01,70,7,92,76.09
2024-03-01,2024-11-01,61,8,92,66.3
2024-03-01,2024-12-01,64,9,92,69.57
2024-03-01,2025-01-01,81,10,92,88.04
2024-03-01,2025-02-01,82,11,92,89.13
2024-03-01,2025-03-01,85,12,92,92.39
2024-03-01,2025-04-01,63,13,92,68.48
2024-03-01,2025-05-01,85,14,92,92.39
2024-03-01,2025-06-01,80,15,92,86.96
2024-03-01,2025-07-01,70,16,92,76.09
2024-03-01,2025-08-01,81,17,92,88.04
2024-03-01,2025-09-01,68,18,92,73.91
2024-03-01,2025-10-01,68,19,92,73.91
2024-04-01,2024-04-01,51,0,97,52.58
2024-04-01,2024-05-01,77,1,97,79.38
2024-04-01,2024-06-01,83,2,97,85.57
2024-04-01,2024-07-01,78,3,97,80.41
2024-04-01,2024-08-01,76,4,97,78.35
2024-04-01,2024-09-01,74,5,97,76.29
2024-04-01,2024-10-01,69,6,97,71.13
2024-04-01,2024-11-01,71,7,97,73.2
2024-04-01,2024-12-01,77,8,97,79.38
2024-04-01,2025-01-01,87,9,97,89.69
2024-04-01,2025-02-01,79,10,97,81.44
2024-04-01,2025-03-01,85,11,97,87.63
2024-04-01,2025-04-01,64,12,97,65.98
2024-04-01,2025-05-01,83,13,97,85.57
2024-04-01,2025-06-01,88,14,97,90.72
2024-04-01,2025-07-01,82,15,97,84.54
2024-04-01,2025-08-01,81,16,97,83.51
2024-04-01,2025-09-01,69,17,97,71.13
2024-04-01,2025-10-01,68,18,97,70.1
2024-05-01,2024-05-01,46,0,85,54.12
2024-05-01,2024-06-01,67,1,85,78.82
2024-05-01,2024-07-01,72,2,85,84.71
2024-05-01,2024-08-01,69,3,85,81.18
2024-05-01,2024-09-01,66,4,85,77.65
2024-05-01,2024-10-01,61,5,85,71.76
2024-05-01,2024-11-01,64,6,85,75.29
2024-05-01,2024-12-01,64,7,85,75.29
2024-05-01,2025-01-01,76,8,85,89.41
2024-05-01,2025-02-01,70,9,85,82.35
2024-05-01,2025-03-01,68,10,85,80.0
2024-05-01,2025-04-01,57,11,85,67.06
2024-05-01,2025-05-01,73,12,85,85.88
2024-05-01,2025-06-01,71,13,85,83.53
2024-05-01,2025-07-01,69,14,85,81.18
2024-05-01,2025-08-01,71,15,85,83.53
2024-05-01,2025-09-01,64,16,85,75.29
2024-05-01,2025-10-01,63,17,85,74.12
2024-06-01,2024-06-01,45,0,82,54.88
2024-06-01,2024-07-01,64,1,82,78.05
2024-06-01,2024-08-01,62,2,82,75.61
2024-06-01,2024-09-01,53,3,82,64.63
2024-06-01,2024-10-01,61,4,82,74.39
2024-06-01,2024-11-01,66,5,82,80.49
2024-06-01,2024-12-01,69,6,82,84.15
2024-06-01,2025-01-01,74,7,82,90.24
2024-06-01,2025-02-01,72,8,82,87.8
2024-06-01,2025-03-01,70,9,82,85.37
2024-06-01,2025-04-01,56,10,82,68.29
2024-06-01,2025-05-01,76,11,82,92.68
2024-06-01,2025-06-01,75,12,82,91.46
2024-06-01,2025-07-01,64,13,82,78.05
2024-06-01,2025-08-01,67,14,82,81.71
2024-06-01,2025-09-01,61,15,82,74.39
2024-06-01,2025-10-01,58,16,82,70.73
2024-07-01,2024-07-01,37,0,72,51.39
2024-07-01,2024-08-01,53,1,72,73.61
2024-07-01,2024-09-01,53,2,72,73.61
2024-07-01,2024-10-01,56,3,72,77.78
2024-07-01,2024-11-01,48,4,72,66.67
2024-07-01,2024-12-01,60,5,72,83.33
2024-07-01,2025-01-01,64,6,72,88.89
2024-07-01,2025-02-01,64,7,72,88.89
2024-07-01,2025-03-01,62,8,72,86.11
2024-07-01,2025-04-01,46,9,72,63.89
2024-07-01,2025-05-01,59,10,72,81.94
2024-07-01,2025-06-01,57,11,72,79.17
2024-07-01,2025-07-01,55,12,72,76.39
2024-07-01,2025-08-01,53,13,72,73.61
2024-07-01,2025-09-01,52,14,72,72.22
2024-07-01,2025-10-01,49,15,72,68.06
2024-08-01,2024-08-01,47,0,84,55.95
2024-08-01,2024-09-01,63,1,84,75.0
2024-08-01,2024-10-01,62,2,84,73.81
2024-08-01,2024-11-01,61,3,84,72.62
2024-08-01,2024-12-01,63,4,84,75.0
2024-08-01,2025-01-01,74,5,84,88.1
2024-08-01,2025-02-01,73,6,84,86.9
2024-08-01,2025-03-01,73,7,84,86.9
2024-08-01,2025-04-01,56,8,84,66.67
2024-08-01,2025-05-01,76,9,84,90.48
2024-08-01,2025-06-01,71,10,84,84.52
2024-08-01,2025-07-01,61,11,84,72.62
2024-08-01,2025-08-01,64,12,84,76.19
2024-08-01,2025-09-01,55,13,84,65.48
2024-08-01,2025-10-01,65,14,84,77.38
2024-09-01,2024-09-01,36,0,87,41.38
2024-09-01,2024-10-01,65,1,87,74.71
2024-09-01,2024-11-01,61,2,87,70.11
2024-09-01,2024-12-01,71,3,87,81.61
2024-09-01,2025-01-01,79,4,87,90.8
2024-09-01,2025-02-01,67,5,87,77.01
2024-09-01,2025-03-01,84,6,87,96.55
2024-09-01,2025-04-01,59,7,87,67.82
2024-09-01,2025-05-01,72,8,87,82.76
2024-09-01,2025-06-01,75,9,87,86.21
2024-09-01,2025-07-01,77,10,87,88.51
2024-09-01,2025-08-01,71,11,87,81.61
2024-09-01,2025-09-01,66,12,87,75.86
2024-09-01,2025-10-01,58,13,87,66.67
2024-10-01,2024-10-01,34,0,83,40.96
2024-10-01,2024-11-01,58,1,83,69.88
2024-10-01,2024-12-01,70,2,83,84.34
2024-10-01,2025-01-01,77,3,83,92.77
2024-10-01,2025-02-01,71,4,83,85.54
2024-10-01,2025-03-01,73,5,83,87.95
2024-10-01,2025-04-01,61,6,83,73.49
2024-10-01,2025-05-01,70,7,83,84.34
2024-10-01,2025-06-01,75,8,83,90.36
2024-10-01,2025-07-01,62,9,83,74.7
2024-10-01,2025-08-01,73,10,83,87.95
2024-10-01,2025-09-01,57,11,83,68.67
2024-10-01,2025-10-01,62,12,83,74.7
2024-11-01,2024-11-01,32,0,78,41.03
2024-11-01,2024-12-01,66,1,78,84.62
2024-11-01,2025-01-01,68,2,78,87.18
2024-11-01,2025-02-01,73,3,78,93.59
2024-11-01,2025-03-01,66,4,78,84.62
2024-11-01,2025-04-01,54,5,78,69.23
2024-11-01,2025-05-01,69,6,78,88.46
2024-11-01,2025-06-01,65,7,78,83.33
2024-11-01,2025-07-01,66,8,78,84.62
2024-11-01,2025-08-01,62,9,78,79.49
2024-11-01,2025-09-01,54,10,78,69.23
2024-11-01,2025-10-01,58,11,78,74.36
2024-12-01,2024-12-01,47,0,89,52.81
2024-12-01,2025-01-01,78,1,89,87.64
2024-12-01,2025-02-01,82,2,89,92.13
2024-12-01,2025-03-01,75,3,89,84.27
2024-12-01,2025-04-01,58,4,89,65.17
2024-12-01,2025-05-01,71,5,89,79.78
2024-12-01,2025-06-01,75,6,89,84.27
2024-12-01,2025-07-01,72,7,89,80.9
2024-12-01,2025-08-01,70,8,89,78.65
2024-12-01,2025-09-01,58,9,89,65.17
2024-12-01,2025-10-01,69,10,89,77.53
2025-01-01,2025-01-01,59,0,86,68.6
2025-01-01,2025-02-01,70,1,86,81.4
2025-01-01,2025-03-01,76,2,86,88.37
2025-01-01,2025-04-01,51,3,86,59.3
2025-01-01,2025-05-01,78,4,86,90.7
2025-01-01,2025-06-01,74,5,86,86.05
2025-01-01,2025-07-01,77,6,86,89.53
2025-01-01,2025-08-01,76,7,86,88.37
2025-01-01,2025-09-01,57,8,86,66.28
2025-01-01,2025-10-01,56,9,86,65.12
2025-02-01,2025-02-01,40,0,77,51.95
2025-02-01,2025-03-01,65,1,77,84.42
2025-02-01,2025-04-01,55,2,77,71.43
2025-02-01,2025-05-01,66,3,77,85.71
2025-02-01,2025-06-01,59,4,77,76.62
2025-02-01,2025-07-01,61,5,77,79.22
2025-02-01,2025-08-01,62,6,77,80.52
2025-02-01,2025-09-01,51,7,77,66.23
2025-02-01,2025-10-01,51,8,77,66.23
2025-03-01,2025-03-01,51,0,98,52.04
2025-03-01,2025-04-01,66,1,98,67.35
2025-03-01,2025-05-01,80,2,98,81.63
2025-03-01,2025-06-01,81,3,98,82.65
2025-03-01,2025-07-01,75,4,98,76.53
2025-03-01,2025-08-01,84,5,98,85.71
2025-03-01,2025-09-01,68,6,98,69.39
2025-03-01,2025-10-01,74,7,98,75.51
2025-04-01,2025-04-01,38,0,87,43.68
2025-04-01,2025-05-01,78,1,87,89.66
2025-04-01,2025-06-01,76,2,87,87.36
2025-04-01,2025-07-01,73,3,87,83.91
2025-04-01,2025-08-01,71,4,87,81.61
2025-04-01,2025-09-01,63,5,87,72.41
2025-04-01,2025-10-01,61,6,87,70.11
2025-05-01,2025-05-01,49,0,94,52.13
2025-05-01,2025-06-01,80,1,94,85.11
2025-05-01,2025-07-01,73,2,94,77.66
2025-05-01,2025-08-01,74,3,94,78.72
2025-05-01,2025-09-01,58,4,94,61.7
2025-05-01,2025-10-01,64,5,94,68.09
2025-06-01,2025-06-01,42,0,84,50.0
2025-06-01,2025-07-01,72,1,84,85.71
2025-06-01,2025-08-01,71,2,84,84.52
2025-06-01,2025-09-01,61,3,84,72.62
2025-06-01,2025-10-01,55,4,84,65.48
2025-07-01,2025-07-01,33,0,72,45.83
2025-07-01,2025-08-01,63,1,72,87.5
2025-07-01,2025-09-01,50,2,72,69.44
2025-07-01,2025-10-01,52,3,72,72.22
2025-08-01,2025-08-01,43,0,83,51.81
2025-08-01,2025-09-01,55,1,83,66.27
2025-08-01,2025-10-01,70,2,83,84.34
2025-09-01,2025-09-01,37,0,75,49.33
2025-09-01,2025-10-01,71,1,75,94.67
2025-10-01,2025-10-01,30,0,30,100.0
