customer_id,total_spend,spend_tier,average_customer_spend
1846.0,17773.23,High,10975.37
1404.0,17600.11,High,10975.37
3969.0,17572.74,High,10975.37
3727.0,17473.1,High,10975.37
4900.0,17367.41,High,10975.37
4184.0,17304.0,High,10975.37
3845.0,17287.19,High,10975.37
1962.0,17213.0,High,10975.37
1343.0,17028.26,High,10975.37
3378.0,16938.89,High,10975.37
1169.0,16918.8,High,10975.37
283.0,16879.78,High,10975.37
3680.0,16806.78,High,10975.37
559.0,16736.51,High,10975.37
4915.0,16714.4,High,10975.37
2636.0,16667.04,High,10975.37
3424.0,16619.6,High,10975.37
3756.0,16388.45,High,10975.37
2771.0,16382.08,High,10975.37
2804.0,16349.96,High,10975.37
2360.0,16331.14,High,10975.37
4337.0,16323.43,High,10975.37
3865.0,16312.48,High,10975.37
3695.0,16268.35,High,10975.37
2895.0,16219.42,High,10975.37
1966.0,16205.73,High,10975.37
467.0,16188.26,High,10975.37
4227.0,16182.67,High,10975.37
2923.0,16157.08,High,10975.37
249.0,16105.09,High,10975.37
702.0,16090.01,High,10975.37
4316.0,16060.85,High,10975.37
4078.0,16060.36,High,10975.37
1852.0,16047.01,High,10975.37
4510.0,16042.56,High,10975.37
267.0,16013.61,High,10975.37
4524.0,15986.84,High,10975.37
701.0,15920.34,High,10975.37
4377.0,15916.86,High,10975.37
2166.0,15863.14,High,10975.37
3285.0,15854.24,High,10975.37
1867.0,15852.97,High,10975.37
4742.0,15848.91,High,10975.37
1824.0,15845.7,High,10975.37
4396.0,15843.1,High,10975.37
3469.0,15778.61,High,10975.37
3317.0,15765.69,High,10975.37
455.0,15765.21,High,10975.37
3678.0,15752.47,High,10975.37
3873.0,15750.2,High,10975.37
509.0,15699.42,High,10975.37
3470.0,15697.79,High,10975.37
3272.0,15681.68,High,10975.37
4345.0,15657.52,High,10975.37
2308.0,15657.25,High,10975.37
705.0,15641.62,High,10975.37
3794.0,15638.46,High,10975.37
2612.0,15572.92,High,10975.37
132.0,15552.86,High,10975.37
414.0,15521.86,High,10975.37
2217.0,15487.81,High,10975.37
348.0,15483.89,High,10975.37
2124.0,15471.59,High,10975.37
3544.0,15464.03,High,10975.37
4356.0,15462.83,High,10975.37
4840.0,15461.05,High,10975.37
66.0,15436.67,High,10975.37
3084.0,15430.33,High,10975.37
1324.0,15427.23,High,10975.37
4689.0,15412.68,High,10975.37
250.0,15411.92,High,10975.37
3857.0,15403.87,High,10975.37
4604.0,15403.41,High,10975.37
4869.0,15394.96,High,10975.37
2461.0,15379.69,High,10975.37
3856.0,15379.17,High,10975.37
2425.0,15368.12,High,10975.37
224.0,15346.52,High,10975.37
3536.0,15334.55,High,10975.37
2273.0,15311.14,High,10975.37
2625.0,15294.43,High,10975.37
3172.0,15293.94,High,10975.37
1869.0,15288.37,High,10975.37
394.0,15281.79,High,10975.37
4079.0,15268.06,High,10975.37
3403.0,15249.89,High,10975.37
4248.0,15242.07,High,10975.37
3591.0,15241.01,High,10975.37
4442.0,15235.07,High,10975.37
724.0,15222.07,High,10975.37
4221.0,15186.93,High,10975.37
4969.0,15140.37,High,10975.37
4723.0,15133.5,High,10975.37
3208.0,15124.35,High,10975.37
526.0,15121.97,High,10975.37
4178.0,15107.12,High,10975.37
2834.0,15098.13,High,10975.37
4250.0,15097.09,High,10975.37
1462.0,15068.79,High,10975.37
655.0,15068.55,High,10975.37
4094.0,15053.85,High,10975.37
1888.0,15041.45,High,10975.37
4587.0,15041.2,High,10975.37
1575.0,15027.38,High,10975.37
3151.0,15019.73,High,10975.37
4481.0,15018.73,High,10975.37
2245.0,15012.74,High,10975.37
2977.0,14996.11,High,10975.37
4769.0,14987.09,High,10975.37
4955.0,14984.97,High,10975.37
1173.0,14972.03,High,10975.37
1974.0,14969.89,High,10975.37
369.0,14962.93,High,10975.37
3415.0,14940.58,High,10975.37
3718.0,14934.8,High,10975.37
1256.0,14928.41,High,10975.37
3705.0,14927.66,High,10975.37
3782.0,14911.92,High,10975.37
4512.0,14909.48,High,10975.37
4014.0,14891.46,High,10975.37
716.0,14888.54,High,10975.37
884.0,14884.05,High,10975.37
2574.0,14873.27,High,10975.37
404.0,14835.28,High,10975.37
1074.0,14818.98,High,10975.37
4890.0,14818.41,High,10975.37
3676.0,14817.62,High,10975.37
1648.0,14816.05,High,10975.37
4546.0,14811.38,High,10975.37
34.0,14792.32,High,10975.37
1638.0,14789.18,High,10975.37
1545.0,14767.75,High,10975.37
2578.0,14766.85,High,10975.37
4.0,14759.84,High,10975.37
4563.0,14752.54,High,10975.37
1688.0,14751.92,High,10975.37
243.0,14744.18,High,10975.37
2807.0,14740.65,High,10975.37
2591.0,14735.63,High,10975.37
4949.0,14730.64,High,10975.37
4725.0,14729.37,High,10975.37
211.0,14728.24,High,10975.37
2420.0,14727.24,High,10975.37
456.0,14721.12,High,10975.37
1104.0,14715.05,High,10975.37
3972.0,14702.64,High,10975.37
1642.0,14701.2,High,10975.37
2183.0,14700.17,High,10975.37
1327.0,14695.8,High,10975.37
1535.0,14675.88,High,10975.37
4263.0,14675.3,High,10975.37
743.0,14671.82,High,10975.37
2110.0,14661.73,High,10975.37
3448.0,14661.04,High,10975.37
4684.0,14655.35,High,10975.37
273.0,14655.14,High,10975.37
2568.0,14655.1,High,10975.37
1102.0,14635.82,High,10975.37
2161.0,14630.14,High,10975.37
4233.0,14620.87,High,10975.37
656.0,14620.44,High,10975.37
1777.0,14620.37,High,10975.37
2758.0,14612.93,High,10975.37
2717.0,14608.95,High,10975.37
3875.0,14607.82,High,10975.37
372.0,14606.25,High,10975.37
2604.0,14601.83,High,10975.37
1290.0,14594.05,High,10975.37
4632.0,14588.12,High,10975.37
1096.0,14587.29,High,10975.37
2832.0,14583.62,High,10975.37
341.0,14578.55,High,10975.37
2975.0,14574.24,High,10975.37
301.0,14571.12,High,10975.37
4245.0,14570.44,High,10975.37
4402.0,14561.23,High,10975.37
4560.0,14527.12,High,10975.37
983.0,14522.61,High,10975.37
2277.0,14516.66,High,10975.37
3430.0,14515.66,High,10975.37
2740.0,14492.77,High,10975.37
2267.0,14490.65,High,10975.37
4691.0,14489.98,High,10975.37
791.0,14489.33,High,10975.37
4875.0,14476.32,High,10975.37
870.0,14466.75,High,10975.37
4371.0,14464.13,High,10975.37
807.0,14460.48,High,10975.37
1111.0,14458.58,High,10975.37
2971.0,14452.74,High,10975.37
337.0,14451.88,High,10975.37
1585.0,14449.17,High,10975.37
540.0,14441.31,High,10975.37
2328.0,14430.31,High,10975.37
4495.0,14428.38,High,10975.37
3435.0,14422.5,High,10975.37
2147.0,14422.24,High,10975.37
1996.0,14421.88,High,10975.37
2149.0,14421.21,High,10975.37
3564.0,14417.25,High,10975.37
1372.0,14414.18,High,10975.37
590.0,14411.05,High,10975.37
2432.0,14408.65,High,10975.37
3560.0,14407.78,High,10975.37
2261.0,14404.51,High,10975.37
1914.0,14398.51,High,10975.37
356.0,14396.78,High,10975.37
1037.0,14396.42,High,10975.37
1948.0,14396.08,High,10975.37
1348.0,14395.29,High,10975.37
1223.0,14385.47,High,10975.37
1333.0,14382.84,High,10975.37
4308.0,14372.0,High,10975.37
2015.0,14371.41,High,10975.37
1387.0,14369.45,High,10975.37
1982.0,14363.58,High,10975.37
2437.0,14357.53,High,10975.37
1090.0,14355.43,High,10975.37
1843.0,14350.94,High,10975.37
3385.0,14348.92,High,10975.37
1692.0,14343.47,High,10975.37
4968.0,14340.71,High,10975.37
1825.0,14330.98,High,10975.37
3913.0,14327.21,High,10975.37
1728.0,14323.7,High,10975.37
448.0,14323.1,High,10975.37
265.0,14322.81,High,10975.37
1619.0,14321.88,High,10975.37
1477.0,14320.72,High,10975.37
878.0,14317.22,High,10975.37
516.0,14313.88,High,10975.37
3337.0,14311.03,High,10975.37
3362.0,14304.12,High,10975.37
1730.0,14296.25,High,10975.37
2927.0,14292.56,High,10975.37
1538.0,14291.16,High,10975.37
1115.0,14290.39,High,10975.37
3535.0,14288.98,High,10975.37
1748.0,14288.74,High,10975.37
229.0,14283.62,High,10975.37
2342.0,14281.75,High,10975.37
4450.0,14264.2,High,10975.37
4343.0,14256.43,High,10975.37
1883.0,14250.92,High,10975.37
142.0,14249.77,High,10975.37
2350.0,14245.54,High,10975.37
2076.0,14237.7,High,10975.37
3184.0,14234.33,High,10975.37
4731.0,14233.54,High,10975.37
828.0,14228.11,High,10975.37
3331.0,14227.88,High,10975.37
2324.0,14218.54,High,10975.37
1752.0,14209.88,High,10975.37
2783.0,14196.5,High,10975.37
366.0,14195.34,High,10975.37
586.0,14189.21,High,10975.37
3043.0,14188.31,High,10975.37
4212.0,14184.32,High,10975.37
2900.0,14183.75,High,10975.37
2252.0,14183.56,High,10975.37
1604.0,14179.65,High,10975.37
2744.0,14178.85,High,10975.37
357.0,14175.62,High,10975.37
795.0,14171.35,High,10975.37
3495.0,14159.26,High,10975.37
3579.0,14156.52,High,10975.37
3614.0,14155.94,High,10975.37
2359.0,14149.5,High,10975.37
2163.0,14145.41,High,10975.37
3688.0,14144.6,High,10975.37
3402.0,14142.94,High,10975.37
4911.0,14139.61,High,10975.37
2930.0,14138.48,High,10975.37
946.0,14136.52,High,10975.37
1431.0,14132.3,High,10975.37
3801.0,14129.0,High,10975.37
2290.0,14124.39,High,10975.37
4572.0,14123.26,High,10975.37
1061.0,14119.3,High,10975.37
3294.0,14116.53,High,10975.37
2919.0,14109.92,High,10975.37
2030.0,14106.4,High,10975.37
4959.0,14101.77,High,10975.37
4088.0,14097.99,High,10975.37
3506.0,14095.78,High,10975.37
2512.0,14084.09,High,10975.37
4017.0,14082.45,High,10975.37
2812.0,14077.78,High,10975.37
4398.0,14068.83,High,10975.37
1143.0,14066.67,High,10975.37
4811.0,14064.96,High,10975.37
3209.0,14063.01,High,10975.37
4360.0,14056.11,High,10975.37
3407.0,14051.67,High,10975.37
1789.0,14044.86,High,10975.37
492.0,14044.66,High,10975.37
3288.0,14026.9,High,10975.37
2170.0,14025.51,High,10975.37
1393.0,14018.57,High,10975.37
4239.0,14012.73,High,10975.37
1039.0,14009.08,High,10975.37
1957.0,14007.5,High,10975.37
713.0,14003.15,High,10975.37
2774.0,13999.25,High,10975.37
1508.0,13977.25,High,10975.37
3636.0,13971.65,High,10975.37
506.0,13968.13,High,10975.37
3864.0,13967.81,High,10975.37
4645.0,13963.67,High,10975.37
4117.0,13955.3,High,10975.37
245.0,13948.57,High,10975.37
1706.0,13947.82,High,10975.37
190.0,13945.26,High,10975.37
1714.0,13924.74,High,10975.37
4942.0,13922.99,High,10975.37
2438.0,13922.39,High,10975.37
4366.0,13921.31,High,10975.37
1481.0,13919.47,High,10975.37
2344.0,13916.57,High,10975.37
4945.0,13908.69,High,10975.37
4336.0,13904.95,High,10975.37
4994.0,13900.71,High,10975.37
3853.0,13899.86,High,10975.37
1968.0,13894.97,High,10975.37
1812.0,13891.84,High,10975.37
3795.0,13889.46,High,10975.37
4630.0,13888.36,High,10975.37
681.0,13885.48,High,10975.37
601.0,13883.11,High,10975.37
4675.0,13882.71,High,10975.37
2679.0,13879.67,High,10975.37
1679.0,13879.16,High,10975.37
1842.0,13877.5,High,10975.37
1426.0,13876.69,High,10975.37
3077.0,13876.0,High,10975.37
3169.0,13863.88,High,10975.37
2439.0,13861.88,High,10975.37
2968.0,13860.02,High,10975.37
4568.0,13859.71,High,10975.37
3252.0,13854.38,High,10975.37
4562.0,13850.07,High,10975.37
757.0,13848.51,High,10975.37
483.0,13848.3,High,10975.37
2250.0,13846.69,High,10975.37
4567.0,13846.42,High,10975.37
2524.0,13842.48,High,10975.37
1461.0,13839.05,High,10975.37
838.0,13834.42,High,10975.37
3476.0,13829.52,High,10975.37
1878.0,13827.03,High,10975.37
2218.0,13825.95,High,10975.37
3554.0,13820.39,High,10975.37
2925.0,13818.36,High,10975.37
1902.0,13817.8,High,10975.37
1316.0,13817.47,High,10975.37
916.0,13813.21,High,10975.37
3879.0,13813.2,High,10975.37
1591.0,13811.46,High,10975.37
2288.0,13799.28,High,10975.37
3883.0,13795.28,High,10975.37
2386.0,13794.9,High,10975.37
3890.0,13789.85,High,10975.37
386.0,13786.07,High,10975.37
3698.0,13785.51,High,10975.37
4808.0,13779.97,High,10975.37
405.0,13772.84,High,10975.37
3717.0,13770.99,High,10975.37
1936.0,13764.15,High,10975.37
1700.0,13763.23,High,10975.37
1093.0,13754.01,High,10975.37
2318.0,13749.96,High,10975.37
3979.0,13749.43,High,10975.37
3393.0,13742.69,High,10975.37
1583.0,13742.5,High,10975.37
1177.0,13741.53,High,10975.37
2254.0,13740.99,High,10975.37
3668.0,13740.76,High,10975.37
1701.0,13733.02,High,10975.37
2899.0,13725.9,High,10975.37
3760.0,13725.53,High,10975.37
4783.0,13721.83,High,10975.37
890.0,13718.95,High,10975.37
2302.0,13712.6,High,10975.37
4997.0,13704.69,High,10975.37
1537.0,13703.7,High,10975.37
913.0,13701.74,High,10975.37
3981.0,13694.06,High,10975.37
3045.0,13693.96,High,10975.37
4513.0,13691.59,High,10975.37
2351.0,13691.24,High,10975.37
3100.0,13687.45,High,10975.37
3035.0,13685.79,High,10975.37
1616.0,13685.04,High,10975.37
333.0,13683.59,High,10975.37
3640.0,13681.47,High,10975.37
3524.0,13671.62,High,10975.37
4472.0,13670.39,High,10975.37
4103.0,13669.08,High,10975.37
4215.0,13669.05,High,10975.37
652.0,13667.75,High,10975.37
4500.0,13666.46,High,10975.37
359.0,13666.39,High,10975.37
2451.0,13663.06,High,10975.37
130.0,13662.97,High,10975.37
738.0,13658.79,High,10975.37
751.0,13657.75,High,10975.37
2084.0,13651.51,High,10975.37
809.0,13649.75,High,10975.37
4315.0,13645.47,High,10975.37
2609.0,13644.21,High,10975.37
4534.0,13632.77,High,10975.37
117.0,13631.68,High,10975.37
3194.0,13625.53,High,10975.37
319.0,13622.55,High,10975.37
3541.0,13616.77,High,10975.37
227.0,13615.84,High,10975.37
511.0,13611.87,High,10975.37
3016.0,13610.33,High,10975.37
3010.0,13610.24,High,10975.37
1835.0,13606.33,High,10975.37
4657.0,13603.78,High,10975.37
4022.0,13595.4,High,10975.37
2064.0,13591.1,High,10975.37
3164.0,13589.62,High,10975.37
2268.0,13586.51,High,10975.37
4039.0,13578.35,High,10975.37
53.0,13578.32,High,10975.37
4784.0,13577.19,High,10975.37
707.0,13576.85,High,10975.37
1862.0,13572.85,High,10975.37
4557.0,13570.23,High,10975.37
1865.0,13567.95,High,10975.37
4086.0,13563.66,High,10975.37
3.0,13562.01,High,10975.37
1626.0,13559.93,High,10975.37
4112.0,13559.18,High,10975.37
3187.0,13555.05,High,10975.37
3984.0,13546.24,High,10975.37
2114.0,13543.01,High,10975.37
856.0,13537.39,High,10975.37
3165.0,13536.3,High,10975.37
4019.0,13535.06,High,10975.37
3336.0,13533.88,High,10975.37
260.0,13533.59,High,10975.37
4321.0,13533.54,High,10975.37
2349.0,13533.49,High,10975.37
2068.0,13533.07,High,10975.37
4798.0,13532.78,High,10975.37
470.0,13532.28,High,10975.37
2613.0,13528.18,High,10975.37
808.0,13525.82,High,10975.37
4735.0,13517.97,High,10975.37
3381.0,13517.44,High,10975.37
4847.0,13517.4,High,10975.37
4136.0,13515.49,High,10975.37
4361.0,13514.2,High,10975.37
3956.0,13500.92,High,10975.37
768.0,13500.72,High,10975.37
3790.0,13497.73,High,10975.37
4586.0,13497.38,High,10975.37
4467.0,13494.4,High,10975.37
4952.0,13491.15,High,10975.37
1941.0,13488.01,High,10975.37
4685.0,13483.81,High,10975.37
340.0,13480.61,High,10975.37
3594.0,13478.35,High,10975.37
3817.0,13476.22,High,10975.37
550.0,13475.32,High,10975.37
784.0,13474.75,High,10975.37
3566.0,13473.74,High,10975.37
1964.0,13473.01,High,10975.37
2951.0,13470.83,High,10975.37
1349.0,13464.64,High,10975.37
3825.0,13463.2,High,10975.37
1775.0,13459.82,High,10975.37
4082.0,13458.19,High,10975.37
1457.0,13457.26,High,10975.37
2174.0,13456.03,High,10975.37
3364.0,13450.94,High,10975.37
2190.0,13450.0,High,10975.37
552.0,13445.85,High,10975.37
1682.0,13443.78,High,10975.37
781.0,13442.81,High,10975.37
2796.0,13442.25,High,10975.37
4380.0,13429.94,High,10975.37
1071.0,13428.78,High,10975.37
4864.0,13426.09,High,10975.37
3489.0,13417.49,High,10975.37
3439.0,13417.36,High,10975.37
4850.0,13415.71,High,10975.37
764.0,13414.55,High,10975.37
4824.0,13414.43,High,10975.37
2809.0,13406.66,High,10975.37
2730.0,13405.57,High,10975.37
4669.0,13403.18,High,10975.37
3830.0,13401.54,High,10975.37
4893.0,13387.92,High,10975.37
437.0,13386.59,High,10975.37
3310.0,13384.8,High,10975.37
2137.0,13380.25,High,10975.37
4577.0,13378.01,High,10975.37
1195.0,13376.29,High,10975.37
660.0,13372.22,High,10975.37
2869.0,13371.74,High,10975.37
3799.0,13369.83,High,10975.37
3426.0,13363.22,High,10975.37
3253.0,13362.51,High,10975.37
2986.0,13358.57,High,10975.37
1548.0,13358.47,High,10975.37
1049.0,13358.05,High,10975.37
3513.0,13357.32,High,10975.37
4796.0,13352.1,High,10975.37
2939.0,13351.04,High,10975.37
1815.0,13350.76,High,10975.37
2129.0,13349.55,High,10975.37
2965.0,13349.18,High,10975.37
1699.0,13348.69,High,10975.37
1840.0,13347.27,High,10975.37
766.0,13347.05,High,10975.37
1273.0,13343.88,High,10975.37
3083.0,13342.06,High,10975.37
1130.0,13339.8,High,10975.37
3263.0,13337.43,High,10975.37
2849.0,13336.65,High,10975.37
2445.0,13334.43,High,10975.37
632.0,13334.38,High,10975.37
3458.0,13334.0,High,10975.37
3473.0,13330.32,High,10975.37
1633.0,13324.08,High,10975.37
4530.0,13324.0,High,10975.37
1026.0,13323.67,High,10975.37
4813.0,13322.1,High,10975.37
978.0,13321.15,High,10975.37
4624.0,13317.05,High,10975.37
942.0,13317.0,High,10975.37
927.0,13314.36,High,10975.37
1503.0,13310.66,High,10975.37
4181.0,13309.98,High,10975.37
3293.0,13308.25,High,10975.37
1248.0,13307.36,High,10975.37
4668.0,13303.29,High,10975.37
464.0,13301.78,High,10975.37
4839.0,13291.42,High,10975.37
3820.0,13289.02,High,10975.37
20.0,13282.6,High,10975.37
2727.0,13280.75,High,10975.37
2934.0,13278.35,High,10975.37
124.0,13278.14,High,10975.37
3156.0,13271.69,High,10975.37
974.0,13271.04,High,10975.37
410.0,13266.51,High,10975.37
2036.0,13266.03,High,10975.37
3515.0,13262.31,High,10975.37
4525.0,13261.41,High,10975.37
3467.0,13260.2,High,10975.37
3568.0,13260.03,High,10975.37
3170.0,13259.53,High,10975.37
3585.0,13256.19,High,10975.37
2340.0,13253.68,High,10975.37
2156.0,13251.24,High,10975.37
2272.0,13250.92,High,10975.37
2659.0,13248.9,High,10975.37
2390.0,13247.62,High,10975.37
4867.0,13243.88,High,10975.37
487.0,13241.33,High,10975.37
2226.0,13240.75,High,10975.37
1156.0,13238.23,High,10975.37
1791.0,13237.08,High,10975.37
444.0,13234.7,High,10975.37
58.0,13234.21,High,10975.37
3387.0,13232.57,High,10975.37
1309.0,13232.1,High,10975.37
2346.0,13231.3,High,10975.37
1099.0,13229.33,High,10975.37
4643.0,13228.02,High,10975.37
1276.0,13226.96,High,10975.37
3860.0,13226.35,High,10975.37
2911.0,13224.2,High,10975.37
3071.0,13223.9,High,10975.37
2244.0,13222.46,High,10975.37
2385.0,13219.07,High,10975.37
134.0,13217.93,High,10975.37
1305.0,13216.92,High,10975.37
4211.0,13216.23,High,10975.37
1315.0,13216.09,High,10975.37
4335.0,13215.83,High,10975.37
1589.0,13214.54,High,10975.37
2380.0,13214.18,High,10975.37
970.0,13213.48,High,10975.37
2317.0,13211.87,High,10975.37
3419.0,13208.24,High,10975.37
3706.0,13204.08,High,10975.37
3446.0,13201.74,High,10975.37
2521.0,13199.45,High,10975.37
4871.0,13199.13,High,10975.37
85.0,13197.87,High,10975.37
3189.0,13197.49,High,10975.37
315.0,13194.43,High,10975.37
1940.0,13194.36,High,10975.37
3007.0,13190.4,High,10975.37
3051.0,13189.27,High,10975.37
4175.0,13187.12,High,10975.37
4067.0,13186.87,High,10975.37
4922.0,13185.76,High,10975.37
1389.0,13185.11,High,10975.37
798.0,13180.38,High,10975.37
4152.0,13180.25,High,10975.37
3485.0,13176.21,High,10975.37
665.0,13175.07,High,10975.37
3780.0,13174.39,High,10975.37
1832.0,13173.89,High,10975.37
2982.0,13173.63,High,10975.37
364.0,13171.16,High,10975.37
571.0,13171.13,High,10975.37
1493.0,13169.54,High,10975.37
4762.0,13165.19,High,10975.37
3464.0,13163.32,High,10975.37
733.0,13161.09,High,10975.37
3733.0,13158.48,High,10975.37
3602.0,13156.66,High,10975.37
2292.0,13156.13,High,10975.37
4986.0,13155.95,High,10975.37
4313.0,13154.46,High,10975.37
3073.0,13153.75,High,10975.37
3870.0,13152.54,High,10975.37
4440.0,13152.28,High,10975.37
4860.0,13149.27,High,10975.37
324.0,13144.88,High,10975.37
38.0,13144.13,High,10975.37
4826.0,13141.72,High,10975.37
1893.0,13140.96,High,10975.37
2434.0,13140.62,High,10975.37
4487.0,13132.56,High,10975.37
3656.0,13131.51,High,10975.37
308.0,13124.23,High,10975.37
2069.0,13121.81,High,10975.37
4418.0,13119.97,High,10975.37
3412.0,13119.1,High,10975.37
1485.0,13111.9,High,10975.37
1007.0,13111.8,High,10975.37
3784.0,13108.95,High,10975.37
2152.0,13107.47,High,10975.37
682.0,13104.66,High,10975.37
4488.0,13104.38,High,10975.37
3416.0,13101.84,High,10975.37
502.0,13096.65,High,10975.37
3413.0,13095.05,High,10975.37
727.0,13092.09,High,10975.37
633.0,13087.6,High,10975.37
3037.0,13086.02,High,10975.37
4819.0,13081.35,High,10975.37
3144.0,13080.72,High,10975.37
3791.0,13080.63,High,10975.37
2059.0,13074.87,High,10975.37
67.0,13073.35,High,10975.37
2843.0,13073.28,High,10975.37
545.0,13071.59,High,10975.37
1951.0,13070.42,High,10975.37
2056.0,13069.24,High,10975.37
3228.0,13066.08,High,10975.37
4433.0,13064.74,High,10975.37
1056.0,13064.34,High,10975.37
2987.0,13061.8,High,10975.37
3306.0,13059.77,High,10975.37
4991.0,13052.56,High,10975.37
1564.0,13049.69,High,10975.37
4877.0,13049.04,High,10975.37
3265.0,13048.15,High,10975.37
3978.0,13046.02,High,10975.37
647.0,13041.4,High,10975.37
4114.0,13039.18,High,10975.37
1317.0,13038.5,High,10975.37
2279.0,13036.09,High,10975.37
1576.0,13034.14,High,10975.37
157.0,13031.73,High,10975.37
1641.0,13027.84,High,10975.37
2199.0,13027.45,High,10975.37
899.0,13023.68,High,10975.37
4367.0,13022.73,High,10975.37
1550.0,13021.96,High,10975.37
1496.0,13021.81,High,10975.37
1291.0,13014.1,High,10975.37
2052.0,13013.99,High,10975.37
3015.0,13012.1,High,10975.37
2134.0,13010.77,High,10975.37
242.0,13010.57,High,10975.37
2246.0,13006.46,High,10975.37
4758.0,13005.66,High,10975.37
2225.0,13004.57,High,10975.37
1314.0,13004.37,High,10975.37
4506.0,13001.45,High,10975.37
2014.0,13000.38,High,10975.37
1375.0,13000.18,High,10975.37
1631.0,12998.44,High,10975.37
2844.0,12996.57,High,10975.37
4081.0,12996.54,High,10975.37
672.0,12994.08,High,10975.37
932.0,12993.45,High,10975.37
2949.0,12991.46,High,10975.37
3145.0,12990.52,High,10975.37
2113.0,12988.47,High,10975.37
4350.0,12985.96,High,10975.37
2088.0,12984.16,High,10975.37
2037.0,12983.59,High,10975.37
2228.0,12982.83,High,10975.37
4280.0,12980.61,High,10975.37
475.0,12979.75,High,10975.37
1822.0,12975.64,High,10975.37
4288.0,12974.55,High,10975.37
1845.0,12972.57,High,10975.37
2842.0,12966.9,High,10975.37
604.0,12964.8,High,10975.37
2992.0,12964.06,High,10975.37
3752.0,12959.64,High,10975.37
3520.0,12958.5,High,10975.37
1183.0,12957.71,High,10975.37
1572.0,12957.31,High,10975.37
2792.0,12956.15,High,10975.37
2235.0,12954.79,High,10975.37
2800.0,12954.62,High,10975.37
606.0,12953.31,High,10975.37
2164.0,12948.36,High,10975.37
4956.0,12947.04,High,10975.37
86.0,12946.42,High,10975.37
4774.0,12945.99,High,10975.37
897.0,12945.88,High,10975.37
240.0,12945.6,High,10975.37
667.0,12945.35,High,10975.37
2518.0,12944.93,High,10975.37
2887.0,12944.81,High,10975.37
2065.0,12940.73,High,10975.37
2860.0,12935.61,High,10975.37
4803.0,12935.47,High,10975.37
4667.0,12934.38,High,10975.37
2408.0,12931.0,High,10975.37
2714.0,12928.7,High,10975.37
3053.0,12926.72,High,10975.37
1969.0,12926.67,High,10975.37
4639.0,12923.43,High,10975.37
1261.0,12918.75,High,10975.37
922.0,12918.1,High,10975.37
247.0,12917.57,High,10975.37
1311.0,12914.21,High,10975.37
779.0,12912.92,High,10975.37
1450.0,12912.39,High,10975.37
4745.0,12910.67,High,10975.37
2374.0,12910.26,High,10975.37
2160.0,12910.0,High,10975.37
3225.0,12908.64,High,10975.37
2222.0,12905.74,High,10975.37
675.0,12904.82,High,10975.37
1218.0,12904.75,High,10975.37
4704.0,12903.55,High,10975.37
782.0,12901.53,High,10975.37
2638.0,12901.09,High,10975.37
2534.0,12896.67,High,10975.37
2967.0,12895.92,High,10975.37
3942.0,12894.17,High,10975.37
4382.0,12893.73,High,10975.37
442.0,12892.73,High,10975.37
4444.0,12890.85,High,10975.37
1489.0,12890.53,High,10975.37
4584.0,12887.71,High,10975.37
568.0,12884.01,High,10975.37
1573.0,12883.95,High,10975.37
3555.0,12881.3,High,10975.37
1991.0,12880.61,High,10975.37
3057.0,12879.22,High,10975.37
1250.0,12878.21,High,10975.37
14.0,12876.27,High,10975.37
2813.0,12875.2,High,10975.37
4252.0,12874.12,High,10975.37
2473.0,12873.21,High,10975.37
4950.0,12869.77,High,10975.37
3786.0,12868.07,High,10975.37
3019.0,12864.97,High,10975.37
3650.0,12864.43,High,10975.37
2952.0,12864.37,High,10975.37
3744.0,12864.12,High,10975.37
2300.0,12862.28,High,10975.37
3844.0,12860.92,High,10975.37
2400.0,12860.35,High,10975.37
915.0,12857.7,High,10975.37
1955.0,12856.28,High,10975.37
2121.0,12852.82,High,10975.37
3235.0,12852.78,High,10975.37
2072.0,12852.45,High,10975.37
1233.0,12849.8,High,10975.37
1411.0,12849.44,High,10975.37
472.0,12846.43,High,10975.37
1586.0,12844.8,High,10975.37
1266.0,12843.61,High,10975.37
3042.0,12843.52,High,10975.37
805.0,12843.34,High,10975.37
1786.0,12840.67,High,10975.37
2303.0,12836.22,High,10975.37
2099.0,12834.98,High,10975.37
3211.0,12831.71,High,10975.37
3363.0,12831.21,High,10975.37
971.0,12828.35,High,10975.37
1933.0,12826.96,High,10975.37
4036.0,12819.58,High,10975.37
425.0,12818.92,High,10975.37
2650.0,12816.61,High,10975.37
2269.0,12815.6,High,10975.37
4891.0,12815.44,High,10975.37
1784.0,12814.76,High,10975.37
1201.0,12814.63,High,10975.37
445.0,12814.45,High,10975.37
772.0,12810.49,High,10975.37
3492.0,12808.56,High,10975.37
1655.0,12807.19,High,10975.37
2759.0,12805.67,High,10975.37
2983.0,12804.88,High,10975.37
1611.0,12801.32,High,10975.37
706.0,12800.61,High,10975.37
4265.0,12797.29,High,10975.37
4538.0,12796.25,High,10975.37
2393.0,12789.81,High,10975.37
2594.0,12788.67,High,10975.37
711.0,12786.61,High,10975.37
84.0,12784.46,High,10975.37
3603.0,12781.07,High,10975.37
3715.0,12780.64,High,10975.37
4848.0,12780.02,High,10975.37
2341.0,12779.64,High,10975.37
2016.0,12778.49,High,10975.37
3995.0,12778.46,High,10975.37
1293.0,12774.98,High,10975.37
2123.0,12774.76,High,10975.37
1172.0,12772.64,High,10975.37
1958.0,12772.44,High,10975.37
4504.0,12772.43,High,10975.37
380.0,12771.26,High,10975.37
3563.0,12767.18,High,10975.37
2868.0,12765.31,High,10975.37
4057.0,12763.67,High,10975.37
4954.0,12763.03,High,10975.37
4649.0,12762.9,High,10975.37
3234.0,12761.84,High,10975.37
2275.0,12758.86,High,10975.37
1295.0,12757.47,High,10975.37
458.0,12756.49,High,10975.37
4376.0,12752.62,High,10975.37
952.0,12751.23,High,10975.37
1226.0,12750.6,High,10975.37
2248.0,12750.53,High,10975.37
2652.0,12749.75,High,10975.37
2682.0,12749.43,High,10975.37
1425.0,12744.46,High,10975.37
1432.0,12741.17,High,10975.37
262.0,12738.79,High,10975.37
1890.0,12737.6,High,10975.37
4425.0,12736.45,High,10975.37
1297.0,12733.44,High,10975.37
4521.0,12730.85,High,10975.37
822.0,12729.04,High,10975.37
4130.0,12724.9,High,10975.37
4098.0,12724.75,High,10975.37
3483.0,12722.11,High,10975.37
466.0,12719.09,High,10975.37
143.0,12713.07,High,10975.37
4270.0,12712.15,High,10975.37
1475.0,12711.2,High,10975.37
3793.0,12709.19,High,10975.37
4287.0,12707.34,High,10975.37
4929.0,12700.93,High,10975.37
2938.0,12700.83,High,10975.37
4421.0,12694.2,High,10975.37
2953.0,12693.23,High,10975.37
1715.0,12693.05,High,10975.37
3909.0,12692.68,High,10975.37
962.0,12691.68,High,10975.37
2315.0,12687.91,High,10975.37
926.0,12686.54,High,10975.37
3587.0,12685.93,High,10975.37
1654.0,12684.11,High,10975.37
4047.0,12682.25,High,10975.37
1961.0,12679.36,High,10975.37
2584.0,12677.17,High,10975.37
1308.0,12674.17,High,10975.37
1675.0,12673.19,High,10975.37
206.0,12671.07,High,10975.37
615.0,12671.06,High,10975.37
3275.0,12670.55,High,10975.37
4224.0,12667.18,High,10975.37
4293.0,12666.32,High,10975.37
4041.0,12664.43,High,10975.37
2815.0,12664.02,High,10975.37
3673.0,12662.67,High,10975.37
3682.0,12661.34,High,10975.37
2820.0,12658.44,High,10975.37
2251.0,12657.42,High,10975.37
3809.0,12656.81,High,10975.37
2011.0,12655.84,High,10975.37
694.0,12654.88,High,10975.37
302.0,12652.5,High,10975.37
1300.0,12650.29,High,10975.37
4496.0,12647.51,High,10975.37
3257.0,12645.16,High,10975.37
4626.0,12640.82,High,10975.37
4013.0,12640.78,High,10975.37
3487.0,12639.08,High,10975.37
1525.0,12638.44,High,10975.37
2734.0,12637.55,High,10975.37
4055.0,12636.5,High,10975.37
4910.0,12635.93,High,10975.37
426.0,12633.8,High,10975.37
1225.0,12630.13,High,10975.37
4760.0,12629.88,High,10975.37
474.0,12629.19,High,10975.37
4694.0,12627.47,High,10975.37
2135.0,12626.79,High,10975.37
3980.0,12625.34,High,10975.37
3355.0,12625.07,High,10975.37
2649.0,12623.41,High,10975.37
1773.0,12621.28,High,10975.37
3127.0,12620.5,High,10975.37
921.0,12618.93,High,10975.37
1054.0,12618.88,High,10975.37
1721.0,12618.84,High,10975.37
4021.0,12617.26,High,10975.37
2444.0,12615.02,High,10975.37
748.0,12611.35,High,10975.37
965.0,12610.82,High,10975.37
2027.0,12607.56,High,10975.37
22.0,12607.41,High,10975.37
2628.0,12607.38,High,10975.37
2667.0,12604.51,High,10975.37
2711.0,12602.22,High,10975.37
396.0,12601.62,High,10975.37
1761.0,12600.96,High,10975.37
1246.0,12598.01,High,10975.37
3442.0,12593.2,High,10975.37
1184.0,12593.18,High,10975.37
735.0,12592.87,High,10975.37
3493.0,12592.69,High,10975.37
2806.0,12590.83,High,10975.37
3593.0,12590.49,High,10975.37
4340.0,12589.92,High,10975.37
1763.0,12587.47,High,10975.37
4640.0,12586.81,High,10975.37
3930.0,12582.2,High,10975.37
336.0,12581.82,High,10975.37
1882.0,12580.69,High,10975.37
310.0,12580.09,High,10975.37
1134.0,12576.61,High,10975.37
1817.0,12573.92,High,10975.37
389.0,12572.76,High,10975.37
3997.0,12570.8,High,10975.37
4589.0,12569.34,High,10975.37
3013.0,12565.37,High,10975.37
888.0,12565.35,High,10975.37
4201.0,12561.17,High,10975.37
4897.0,12560.22,High,10975.37
454.0,12559.65,High,10975.37
1275.0,12557.82,High,10975.37
3396.0,12557.01,High,10975.37
419.0,12554.16,High,10975.37
3701.0,12551.0,High,10975.37
137.0,12548.69,High,10975.37
1635.0,12548.23,High,10975.37
1746.0,12548.12,High,10975.37
4437.0,12547.35,High,10975.37
2662.0,12545.38,High,10975.37
1408.0,12544.76,High,10975.37
3017.0,12540.32,High,10975.37
588.0,12537.77,High,10975.37
2410.0,12534.73,High,10975.37
252.0,12534.33,High,10975.37
3987.0,12532.77,High,10975.37
3655.0,12530.55,High,10975.37
515.0,12530.16,High,10975.37
4660.0,12529.72,High,10975.37
344.0,12529.43,High,10975.37
3662.0,12528.17,High,10975.37
15.0,12527.57,High,10975.37
296.0,12525.23,High,10975.37
4511.0,12524.51,High,10975.37
2892.0,12524.05,High,10975.37
2238.0,12521.13,High,10975.37
1132.0,12520.38,High,10975.37
1540.0,12518.6,High,10975.37
200.0,12516.82,High,10975.37
4979.0,12516.79,High,10975.37
1569.0,12512.56,High,10975.37
3341.0,12510.39,High,10975.37
831.0,12509.53,High,10975.37
1765.0,12508.38,High,10975.37
4179.0,12506.79,High,10975.37
286.0,12506.3,High,10975.37
1906.0,12505.96,High,10975.37
903.0,12505.79,High,10975.37
370.0,12500.5,High,10975.37
4995.0,12499.15,High,10975.37
3216.0,12497.31,High,10975.37
3896.0,12496.67,High,10975.37
129.0,12496.61,High,10975.37
1490.0,12496.47,High,10975.37
3803.0,12495.2,High,10975.37
4106.0,12495.13,High,10975.37
3764.0,12493.6,High,10975.37
233.0,12492.05,High,10975.37
3091.0,12489.28,High,10975.37
3432.0,12489.2,High,10975.37
876.0,12488.1,High,10975.37
3491.0,12487.6,High,10975.37
1935.0,12487.3,High,10975.37
3292.0,12485.07,High,10975.37
3197.0,12482.6,High,10975.37
3999.0,12480.3,High,10975.37
1329.0,12475.99,High,10975.37
843.0,12474.25,High,10975.37
3155.0,12474.0,High,10975.37
433.0,12471.41,High,10975.37
2579.0,12470.47,High,10975.37
1683.0,12469.1,High,10975.37
1465.0,12468.8,High,10975.37
1257.0,12468.56,High,10975.37
3871.0,12467.77,High,10975.37
1284.0,12467.67,High,10975.37
118.0,12467.34,High,10975.37
3206.0,12466.12,High,10975.37
2042.0,12465.59,High,10975.37
375.0,12464.08,High,10975.37
55.0,12461.1,High,10975.37
4231.0,12457.08,High,10975.37
4988.0,12456.73,High,10975.37
4536.0,12456.49,High,10975.37
2781.0,12456.02,High,10975.37
1993.0,12455.22,High,10975.37
3086.0,12455.19,High,10975.37
4432.0,12454.33,High,10975.37
2394.0,12453.96,High,10975.37
4148.0,12453.02,High,10975.37
3905.0,12452.16,High,10975.37
219.0,12450.82,High,10975.37
2209.0,12450.03,High,10975.37
1520.0,12448.57,High,10975.37
852.0,12448.22,High,10975.37
2737.0,12446.86,High,10975.37
1334.0,12446.44,High,10975.37
4720.0,12442.73,High,10975.37
3004.0,12442.67,High,10975.37
894.0,12439.96,High,10975.37
3623.0,12439.62,High,10975.37
3926.0,12438.51,High,10975.37
1292.0,12437.33,High,10975.37
4267.0,12436.6,High,10975.37
2096.0,12433.4,High,10975.37
4070.0,12432.88,High,10975.37
3514.0,12432.12,High,10975.37
2664.0,12430.63,High,10975.37
3925.0,12430.63,High,10975.37
2173.0,12429.97,High,10975.37
1440.0,12429.46,High,10975.37
3200.0,12428.85,High,10975.37
1780.0,12428.31,High,10975.37
1779.0,12428.17,High,10975.37
850.0,12428.05,High,10975.37
1595.0,12428.05,High,10975.37
4460.0,12424.98,High,10975.37
2039.0,12424.96,High,10975.37
629.0,12424.82,High,10975.37
4341.0,12423.91,High,10975.37
4529.0,12420.02,High,10975.37
2552.0,12419.78,High,10975.37
3806.0,12419.73,High,10975.37
650.0,12417.84,High,10975.37
1643.0,12416.83,High,10975.37
2242.0,12416.01,High,10975.37
1447.0,12415.09,High,10975.37
201.0,12413.66,High,10975.37
2610.0,12413.47,High,10975.37
3453.0,12411.34,High,10975.37
39.0,12410.72,High,10975.37
3175.0,12409.6,High,10975.37
3451.0,12407.77,High,10975.37
4713.0,12406.51,High,10975.37
489.0,12406.18,High,10975.37
4593.0,12403.39,High,10975.37
4917.0,12399.7,High,10975.37
787.0,12397.04,High,10975.37
486.0,12395.38,High,10975.37
3836.0,12394.86,High,10975.37
3819.0,12394.43,High,10975.37
2642.0,12393.03,High,10975.37
2103.0,12390.13,High,10975.37
1743.0,12388.36,High,10975.37
1847.0,12387.58,High,10975.37
2054.0,12387.25,High,10975.37
3462.0,12385.97,High,10975.37
4756.0,12385.8,High,10975.37
4537.0,12385.72,High,10975.37
4836.0,12385.58,High,10975.37
2188.0,12382.38,High,10975.37
1696.0,12381.96,High,10975.37
1403.0,12380.68,High,10975.37
4801.0,12380.24,High,10975.37
1734.0,12378.17,High,10975.37
421.0,12377.31,High,10975.37
2347.0,12377.13,High,10975.37
2316.0,12375.98,High,10975.37
4228.0,12374.87,High,10975.37
1712.0,12374.28,High,10975.37
3854.0,12373.81,High,10975.37
1406.0,12370.25,High,10975.37
2979.0,12367.57,High,10975.37
3342.0,12366.56,High,10975.37
1502.0,12366.37,High,10975.37
4858.0,12362.33,High,10975.37
4497.0,12360.56,High,10975.37
94.0,12358.42,High,10975.37
1320.0,12357.78,High,10975.37
4599.0,12357.16,High,10975.37
3986.0,12355.91,High,10975.37
1578.0,12352.12,High,10975.37
2989.0,12351.34,High,10975.37
4865.0,12349.97,High,10975.37
3849.0,12349.72,High,10975.37
2755.0,12349.41,High,10975.37
1210.0,12347.1,High,10975.37
3296.0,12346.92,High,10975.37
624.0,12345.65,High,10975.37
3411.0,12345.61,High,10975.37
3107.0,12342.38,High,10975.37
156.0,12341.82,High,10975.37
4629.0,12340.77,High,10975.37
3392.0,12338.84,High,10975.37
2038.0,12338.73,High,10975.37
4368.0,12332.99,High,10975.37
1997.0,12330.97,High,10975.37
423.0,12329.29,High,10975.37
4851.0,12329.1,High,10975.37
872.0,12328.84,High,10975.37
4740.0,12327.26,High,10975.37
799.0,12325.48,High,10975.37
3400.0,12325.2,High,10975.37
574.0,12323.81,High,10975.37
4176.0,12323.7,High,10975.37
2028.0,12320.41,High,10975.37
3707.0,12318.76,High,10975.37
4030.0,12317.9,High,10975.37
2523.0,12317.41,High,10975.37
199.0,12317.38,High,10975.37
4904.0,12316.91,High,10975.37
4518.0,12316.59,High,10975.37
2825.0,12316.37,High,10975.37
185.0,12315.64,High,10975.37
3961.0,12315.22,High,10975.37
4188.0,12314.52,High,10975.37
1766.0,12313.95,High,10975.37
47.0,12312.03,High,10975.37
2775.0,12311.84,High,10975.37
3148.0,12311.26,High,10975.37
2446.0,12310.07,High,10975.37
3221.0,12309.61,High,10975.37
1131.0,12309.08,High,10975.37
4006.0,12308.64,High,10975.37
2592.0,12306.06,High,10975.37
4238.0,12304.01,High,10975.37
862.0,12300.91,High,10975.37
1434.0,12298.74,High,10975.37
3436.0,12298.56,High,10975.37
3340.0,12297.03,High,10975.37
495.0,12296.04,High,10975.37
3792.0,12294.09,High,10975.37
4492.0,12293.82,High,10975.37
166.0,12292.93,High,10975.37
4191.0,12290.15,High,10975.37
800.0,12288.92,High,10975.37
1251.0,12287.75,High,10975.37
621.0,12287.03,High,10975.37
801.0,12286.04,High,10975.37
939.0,12285.32,High,10975.37
3863.0,12283.86,High,10975.37
152.0,12282.77,High,10975.37
4461.0,12282.63,High,10975.37
4111.0,12281.68,High,10975.37
1214.0,12280.98,High,10975.37
786.0,12279.78,High,10975.37
279.0,12279.24,High,10975.37
25.0,12278.5,High,10975.37
1369.0,12277.85,High,10975.37
1602.0,12277.4,High,10975.37
288.0,12274.09,High,10975.37
3611.0,12273.73,High,10975.37
3989.0,12272.73,High,10975.37
2508.0,12272.52,High,10975.37
1364.0,12271.75,High,10975.37
3163.0,12271.66,High,10975.37
4249.0,12271.24,High,10975.37
353.0,12270.23,High,10975.37
4283.0,12269.76,High,10975.37
2157.0,12268.28,High,10975.37
3026.0,12268.19,High,10975.37
684.0,12267.11,High,10975.37
1076.0,12264.76,High,10975.37
2057.0,12264.68,High,10975.37
4479.0,12262.91,High,10975.37
87.0,12261.54,High,10975.37
74.0,12259.6,High,10975.37
1866.0,12259.28,High,10975.37
679.0,12254.83,High,10975.37
3546.0,12252.88,High,10975.37
984.0,12251.8,High,10975.37
4458.0,12251.29,High,10975.37
1985.0,12251.09,High,10975.37
1421.0,12250.86,High,10975.37
859.0,12250.51,High,10975.37
4721.0,12250.07,High,10975.37
2962.0,12248.94,High,10975.37
2127.0,12248.57,High,10975.37
4928.0,12248.45,High,10975.37
3920.0,12243.22,High,10975.37
3774.0,12241.76,High,10975.37
2692.0,12240.77,High,10975.37
365.0,12240.38,High,10975.37
1363.0,12240.28,High,10975.37
648.0,12239.42,High,10975.37
3038.0,12238.11,High,10975.37
401.0,12236.05,High,10975.37
1687.0,12233.36,High,10975.37
2262.0,12230.95,High,10975.37
4177.0,12220.8,High,10975.37
1986.0,12220.79,High,10975.37
284.0,12220.0,High,10975.37
1459.0,12218.67,High,10975.37
1664.0,12217.59,High,10975.37
841.0,12217.19,High,10975.37
203.0,12216.64,High,10975.37
4677.0,12215.76,High,10975.37
666.0,12215.34,High,10975.37
3056.0,12214.12,High,10975.37
3461.0,12213.45,High,10975.37
3318.0,12212.21,High,10975.37
988.0,12209.24,High,10975.37
2569.0,12208.78,High,10975.37
12.0,12208.38,High,10975.37
3090.0,12207.62,High,10975.37
3246.0,12206.66,High,10975.37
169.0,12206.33,High,10975.37
1170.0,12206.0,High,10975.37
2673.0,12204.61,High,10975.37
2487.0,12203.7,High,10975.37
677.0,12203.53,High,10975.37
3959.0,12196.01,High,10975.37
4323.0,12194.3,High,10975.37
3114.0,12192.98,High,10975.37
3783.0,12192.2,High,10975.37
2477.0,12191.98,High,10975.37
1377.0,12190.17,High,10975.37
4296.0,12188.95,High,10975.37
268.0,12184.83,High,10975.37
4946.0,12184.19,High,10975.37
688.0,12183.86,High,10975.37
1449.0,12183.78,High,10975.37
4539.0,12183.74,High,10975.37
2061.0,12181.59,High,10975.37
3162.0,12181.35,High,10975.37
3465.0,12180.88,High,10975.37
4011.0,12180.65,High,10975.37
2194.0,12178.67,High,10975.37
4410.0,12177.19,High,10975.37
68.0,12176.96,High,10975.37
1027.0,12175.3,High,10975.37
239.0,12174.78,High,10975.37
3391.0,12174.5,High,10975.37
503.0,12174.05,High,10975.37
2838.0,12171.84,High,10975.37
2903.0,12171.46,High,10975.37
949.0,12170.18,High,10975.37
2363.0,12169.05,High,10975.37
3840.0,12169.02,High,10975.37
1829.0,12165.85,High,10975.37
2688.0,12165.82,High,10975.37
3002.0,12164.8,High,10975.37
4187.0,12163.44,High,10975.37
1282.0,12163.28,High,10975.37
2128.0,12159.39,High,10975.37
1193.0,12158.6,High,10975.37
342.0,12158.51,High,10975.37
3081.0,12158.16,High,10975.37
2575.0,12157.93,High,10975.37
1066.0,12157.44,High,10975.37
218.0,12156.52,High,10975.37
2240.0,12156.29,High,10975.37
3498.0,12155.64,High,10975.37
4247.0,12154.77,High,10975.37
4886.0,12153.76,High,10975.37
1753.0,12152.86,High,10975.37
3738.0,12152.49,High,10975.37
1536.0,12150.86,High,10975.37
83.0,12149.71,High,10975.37
1848.0,12148.31,High,10975.37
1581.0,12145.08,High,10975.37
4268.0,12143.69,High,10975.37
599.0,12142.19,High,10975.37
4462.0,12141.4,High,10975.37
1352.0,12140.47,High,10975.37
1727.0,12137.47,High,10975.37
2205.0,12136.5,High,10975.37
1500.0,12135.43,High,10975.37
1247.0,12133.73,High,10975.37
2007.0,12132.08,High,10975.37
4446.0,12131.91,High,10975.37
2465.0,12131.1,High,10975.37
1757.0,12129.52,High,10975.37
2573.0,12129.27,High,10975.37
92.0,12119.83,High,10975.37
4895.0,12116.24,High,10975.37
1531.0,12115.57,High,10975.37
2677.0,12114.29,High,10975.37
2905.0,12109.15,High,10975.37
2603.0,12108.73,High,10975.37
2691.0,12105.86,High,10975.37
2708.0,12105.2,High,10975.37
4594.0,12103.45,High,10975.37
3420.0,12102.88,High,10975.37
241.0,12098.05,High,10975.37
2079.0,12097.77,High,10975.37
1385.0,12096.61,High,10975.37
2361.0,12095.42,High,10975.37
968.0,12092.53,High,10975.37
1206.0,12091.75,High,10975.37
994.0,12091.46,High,10975.37
3346.0,12091.42,High,10975.37
4282.0,12088.92,High,10975.37
3749.0,12088.66,High,10975.37
4411.0,12086.89,High,10975.37
1975.0,12085.14,High,10975.37
3445.0,12085.1,High,10975.37
3215.0,12082.96,High,10975.37
4827.0,12082.86,High,10975.37
4392.0,12078.58,High,10975.37
4412.0,12078.0,High,10975.37
3118.0,12077.76,High,10975.37
2805.0,12077.29,High,10975.37
2182.0,12076.89,High,10975.37
1809.0,12075.94,High,10975.37
436.0,12075.19,High,10975.37
1830.0,12073.54,High,10975.37
3772.0,12072.88,High,10975.37
4415.0,12072.17,High,10975.37
3711.0,12071.6,High,10975.37
4791.0,12069.84,High,10975.37
1652.0,12069.04,High,10975.37
3778.0,12068.57,High,10975.37
4375.0,12066.74,High,10975.37
1553.0,12065.43,High,10975.37
3644.0,12064.14,High,10975.37
2143.0,12063.29,High,10975.37
271.0,12061.97,High,10975.37
1522.0,12056.04,High,10975.37
2621.0,12055.68,High,10975.37
3421.0,12054.66,High,10975.37
567.0,12053.15,High,10975.37
2018.0,12051.98,High,10975.37
2856.0,12051.17,High,10975.37
3478.0,12049.86,High,10975.37
4647.0,12046.55,High,10975.37
3028.0,12046.52,High,10975.37
3283.0,12045.33,High,10975.37
4009.0,12043.92,High,10975.37
969.0,12042.97,High,10975.37
1044.0,12041.1,High,10975.37
3049.0,12040.57,High,10975.37
4816.0,12038.87,High,10975.37
2348.0,12034.97,High,10975.37
2485.0,12034.59,High,10975.37
3395.0,12034.31,High,10975.37
3557.0,12031.46,High,10975.37
2902.0,12029.9,High,10975.37
236.0,12029.44,High,10975.37
381.0,12028.55,High,10975.37
54.0,12028.39,High,10975.37
827.0,12027.94,High,10975.37
1398.0,12027.92,High,10975.37
4431.0,12027.7,High,10975.37
820.0,12027.27,High,10975.37
1639.0,12023.33,High,10975.37
1690.0,12021.98,High,10975.37
644.0,12021.8,High,10975.37
362.0,12020.53,High,10975.37
4547.0,12019.8,High,10975.37
1353.0,12017.0,High,10975.37
3181.0,12016.68,High,10975.37
3353.0,12013.43,High,10975.37
1921.0,12011.57,High,10975.37
334.0,12009.44,High,10975.37
2823.0,12008.93,High,10975.37
769.0,12006.49,High,10975.37
4167.0,12006.41,High,10975.37
661.0,12003.76,High,10975.37
2808.0,12000.05,High,10975.37
1494.0,11999.13,High,10975.37
300.0,11997.16,High,10975.37
1301.0,11994.01,High,10975.37
758.0,11993.86,High,10975.37
2122.0,11991.95,High,10975.37
2797.0,11990.38,High,10975.37
2520.0,11989.56,High,10975.37
1368.0,11988.38,High,10975.37
3110.0,11986.17,High,10975.37
2582.0,11986.16,High,10975.37
1960.0,11985.07,High,10975.37
127.0,11983.27,High,10975.37
2852.0,11982.47,High,10975.37
3210.0,11982.21,High,10975.37
835.0,11981.32,High,10975.37
1341.0,11979.18,High,10975.37
2624.0,11978.27,High,10975.37
3716.0,11978.01,High,10975.37
1163.0,11977.07,High,10975.37
4483.0,11976.06,High,10975.37
651.0,11975.17,High,10975.37
4913.0,11973.43,High,10975.37
4553.0,11972.75,High,10975.37
4977.0,11972.07,High,10975.37
17.0,11971.82,High,10975.37
1287.0,11971.15,High,10975.37
4805.0,11970.51,High,10975.37
2043.0,11970.17,High,10975.37
3617.0,11969.62,High,10975.37
4983.0,11968.34,High,10975.37
3327.0,11967.12,High,10975.37
2906.0,11965.37,High,10975.37
3321.0,11963.32,High,10975.37
4038.0,11962.92,High,10975.37
60.0,11961.66,High,10975.37
4329.0,11959.69,High,10975.37
2081.0,11959.14,High,10975.37
4168.0,11959.0,High,10975.37
4703.0,11958.52,High,10975.37
731.0,11958.42,High,10975.37
2208.0,11957.45,High,10975.37
4876.0,11956.73,High,10975.37
2762.0,11956.57,High,10975.37
223.0,11956.16,High,10975.37
4786.0,11953.49,High,10975.37
507.0,11953.49,High,10975.37
3572.0,11953.34,High,10975.37
352.0,11951.86,High,10975.37
4655.0,11951.29,High,10975.37
3348.0,11949.79,High,10975.37
2598.0,11948.05,High,10975.37
1078.0,11947.68,High,10975.37
3303.0,11946.87,High,10975.37
1474.0,11946.46,High,10975.37
1729.0,11945.86,High,10975.37
1365.0,11945.77,High,10975.37
2176.0,11945.4,High,10975.37
1850.0,11945.02,High,10975.37
3645.0,11943.73,High,10975.37
2424.0,11943.33,High,10975.37
3390.0,11943.33,High,10975.37
527.0,11942.71,High,10975.37
880.0,11942.49,High,10975.37
4065.0,11941.96,High,10975.37
2980.0,11940.84,High,10975.37
991.0,11939.15,High,10975.37
3488.0,11939.14,High,10975.37
2086.0,11938.11,High,10975.37
4173.0,11937.62,High,10975.37
611.0,11937.36,High,10975.37
231.0,11937.25,High,10975.37
3583.0,11937.13,High,10975.37
3330.0,11937.1,High,10975.37
2470.0,11936.07,High,10975.37
3839.0,11935.39,High,10975.37
4373.0,11935.26,High,10975.37
3140.0,11935.17,High,10975.37
4180.0,11932.28,High,10975.37
4193.0,11932.08,High,10975.37
136.0,11929.84,High,10975.37
3696.0,11928.93,High,10975.37
2407.0,11927.15,High,10975.37
811.0,11922.64,High,10975.37
618.0,11922.31,High,10975.37
2898.0,11921.72,High,10975.37
712.0,11918.6,High,10975.37
2266.0,11918.26,High,10975.37
649.0,11918.18,High,10975.37
2670.0,11914.89,High,10975.37
4854.0,11914.82,High,10975.37
2824.0,11912.04,High,10975.37
2462.0,11911.42,High,10975.37
3365.0,11910.74,High,10975.37
4828.0,11910.54,High,10975.37
2622.0,11910.2,High,10975.37
1208.0,11909.23,High,10975.37
3202.0,11909.23,High,10975.37
4576.0,11903.7,High,10975.37
3089.0,11902.14,High,10975.37
955.0,11902.0,High,10975.37
825.0,11898.04,High,10975.37
1938.0,11897.78,High,10975.37
3266.0,11897.36,High,10975.37
1694.0,11896.86,High,10975.37
4508.0,11896.73,High,10975.37
1507.0,11896.46,High,10975.37
3642.0,11896.19,High,10975.37
468.0,11895.24,High,10975.37
3324.0,11893.99,High,10975.37
2614.0,11891.76,High,10975.37
1853.0,11891.53,High,10975.37
2469.0,11891.23,High,10975.37
2910.0,11890.28,High,10975.37
2840.0,11888.28,High,10975.37
3134.0,11887.78,High,10975.37
463.0,11887.26,High,10975.37
854.0,11885.87,High,10975.37
4648.0,11885.02,High,10975.37
2212.0,11883.99,High,10975.37
2397.0,11883.62,High,10975.37
1534.0,11883.16,High,10975.37
4197.0,11877.84,High,10975.37
147.0,11877.51,High,10975.37
4213.0,11876.23,High,10975.37
2409.0,11876.21,High,10975.37
4122.0,11874.3,High,10975.37
3735.0,11869.09,High,10975.37
2839.0,11868.93,High,10975.37
2793.0,11868.5,High,10975.37
213.0,11867.66,High,10975.37
214.0,11866.2,High,10975.37
1984.0,11864.52,High,10975.37
4960.0,11864.43,High,10975.37
1062.0,11864.39,High,10975.37
858.0,11864.17,High,10975.37
4597.0,11860.86,High,10975.37
4110.0,11857.35,High,10975.37
3289.0,11857.02,High,10975.37
1197.0,11854.79,High,10975.37
4244.0,11852.37,High,10975.37
3512.0,11851.71,High,10975.37
3139.0,11850.65,High,10975.37
2089.0,11850.54,High,10975.37
4043.0,11847.87,High,10975.37
1230.0,11847.34,High,10975.37
1000.0,11847.27,High,10975.37
481.0,11847.03,High,10975.37
911.0,11846.98,High,10975.37
561.0,11846.78,High,10975.37
51.0,11846.69,High,10975.37
4887.0,11845.09,High,10975.37
3598.0,11844.17,High,10975.37
9.0,11842.68,High,10975.37
2416.0,11842.28,High,10975.37
734.0,11841.55,High,10975.37
1245.0,11840.76,High,10975.37
1100.0,11840.64,High,10975.37
2973.0,11837.57,High,10975.37
3675.0,11836.9,High,10975.37
1003.0,11836.86,High,10975.37
3796.0,11835.15,High,10975.37
409.0,11835.1,High,10975.37
3874.0,11835.05,High,10975.37
802.0,11834.84,High,10975.37
2595.0,11834.32,High,10975.37
3480.0,11834.29,High,10975.37
4305.0,11833.34,High,10975.37
2918.0,11832.83,High,10975.37
4243.0,11832.65,High,10975.37
4050.0,11831.9,High,10975.37
4736.0,11831.36,High,10975.37
3183.0,11830.85,High,10975.37
1031.0,11829.57,High,10975.37
276.0,11827.54,High,10975.37
1298.0,11827.17,High,10975.37
533.0,11824.6,High,10975.37
4302.0,11824.38,High,10975.37
3921.0,11823.54,High,10975.37
2880.0,11823.32,High,10975.37
1810.0,11821.01,High,10975.37
1077.0,11820.79,High,10975.37
2798.0,11820.28,High,10975.37
2319.0,11820.02,High,10975.37
4879.0,11818.39,High,10975.37
2314.0,11816.26,High,10975.37
3699.0,11813.74,High,10975.37
1926.0,11813.45,High,10975.37
3704.0,11812.85,High,10975.37
1002.0,11812.62,High,10975.37
3044.0,11811.17,High,10975.37
1468.0,11809.41,High,10975.37
3052.0,11808.62,High,10975.37
2306.0,11807.43,High,10975.37
3616.0,11806.69,High,10975.37
1357.0,11806.08,High,10975.37
3119.0,11805.86,High,10975.37
4916.0,11805.76,High,10975.37
549.0,11805.44,High,10975.37
1813.0,11804.51,High,10975.37
1560.0,11804.46,High,10975.37
3287.0,11804.44,High,10975.37
3371.0,11804.07,High,10975.37
2830.0,11803.99,High,10975.37
4277.0,11803.82,High,10975.37
2336.0,11803.48,High,10975.37
1142.0,11803.04,High,10975.37
4100.0,11802.04,High,10975.37
4456.0,11800.94,High,10975.37
3968.0,11800.9,High,10975.37
4637.0,11800.82,High,10975.37
3624.0,11800.68,High,10975.37
1599.0,11798.26,High,10975.37
2000.0,11796.76,High,10975.37
3992.0,11794.09,High,10975.37
1703.0,11793.05,High,10975.37
1716.0,11792.91,High,10975.37
1198.0,11791.55,High,10975.37
2141.0,11790.14,High,10975.37
1148.0,11790.03,High,10975.37
4146.0,11789.25,High,10975.37
1285.0,11787.91,High,10975.37
4638.0,11786.75,High,10975.37
4981.0,11786.56,High,10975.37
1594.0,11784.26,High,10975.37
2526.0,11783.94,High,10975.37
3066.0,11783.34,High,10975.37
1405.0,11782.76,High,10975.37
1695.0,11782.7,High,10975.37
2684.0,11782.29,High,10975.37
350.0,11780.97,High,10975.37
1677.0,11778.44,High,10975.37
295.0,11777.23,High,10975.37
3988.0,11776.07,High,10975.37
4352.0,11775.82,High,10975.37
4317.0,11774.22,High,10975.37
338.0,11773.74,High,10975.37
1437.0,11772.61,High,10975.37
1900.0,11771.71,High,10975.37
1154.0,11771.58,High,10975.37
4751.0,11771.39,High,10975.37
2283.0,11771.3,High,10975.37
4085.0,11768.78,High,10975.37
3376.0,11768.5,High,10975.37
535.0,11765.52,High,10975.37
1691.0,11764.01,High,10975.37
1498.0,11763.69,High,10975.37
105.0,11763.57,High,10975.37
4448.0,11761.57,High,10975.37
230.0,11761.04,High,10975.37
542.0,11759.71,High,10975.37
4757.0,11759.37,High,10975.37
377.0,11759.27,High,10975.37
3295.0,11759.13,High,10975.37
4564.0,11756.08,High,10975.37
4372.0,11756.07,High,10975.37
1453.0,11754.66,High,10975.37
2177.0,11754.44,High,10975.37
3726.0,11754.43,High,10975.37
1012.0,11751.25,High,10975.37
508.0,11750.29,High,10975.37
4075.0,11750.0,High,10975.37
1035.0,11749.28,High,10975.37
3918.0,11749.11,High,10975.37
63.0,11748.36,High,10975.37
634.0,11747.3,High,10975.37
1064.0,11746.53,High,10975.37
1621.0,11745.96,High,10975.37
3723.0,11744.4,High,10975.37
4318.0,11743.4,High,10975.37
1660.0,11743.17,High,10975.37
2186.0,11742.95,High,10975.37
4692.0,11742.84,High,10975.37
108.0,11741.74,Medium,10975.37
4273.0,11741.71,Medium,10975.37
3936.0,11741.23,Medium,10975.37
612.0,11741.05,Medium,10975.37
1358.0,11740.87,Medium,10975.37
3102.0,11739.2,Medium,10975.37
4612.0,11737.81,Medium,10975.37
1452.0,11737.43,Medium,10975.37
2731.0,11734.74,Medium,10975.37
504.0,11734.6,Medium,10975.37
3965.0,11734.52,Medium,10975.37
4102.0,11733.81,Medium,10975.37
306.0,11733.77,Medium,10975.37
1009.0,11733.63,Medium,10975.37
1402.0,11733.53,Medium,10975.37
4139.0,11732.6,Medium,10975.37
4333.0,11732.16,Medium,10975.37
354.0,11731.4,Medium,10975.37
1628.0,11731.14,Medium,10975.37
1194.0,11728.85,Medium,10975.37
2570.0,11725.26,Medium,10975.37
4924.0,11722.01,Medium,10975.37
3664.0,11720.93,Medium,10975.37
639.0,11720.32,Medium,10975.37
4236.0,11719.95,Medium,10975.37
70.0,11718.64,Medium,10975.37
2557.0,11715.37,Medium,10975.37
1086.0,11715.15,Medium,10975.37
3816.0,11714.84,Medium,10975.37
1478.0,11714.56,Medium,10975.37
3456.0,11714.34,Medium,10975.37
4269.0,11714.23,Medium,10975.37
3195.0,11713.75,Medium,10975.37
1542.0,11711.49,Medium,10975.37
191.0,11710.97,Medium,10975.37
2483.0,11709.9,Medium,10975.37
4416.0,11709.64,Medium,10975.37
104.0,11708.36,Medium,10975.37
4240.0,11708.25,Medium,10975.37
1711.0,11706.58,Medium,10975.37
1718.0,11705.42,Medium,10975.37
626.0,11705.01,Medium,10975.37
1380.0,11703.99,Medium,10975.37
4235.0,11702.86,Medium,10975.37
2309.0,11702.23,Medium,10975.37
1749.0,11701.44,Medium,10975.37
3343.0,11700.97,Medium,10975.37
447.0,11700.25,Medium,10975.37
2479.0,11699.59,Medium,10975.37
2630.0,11699.38,Medium,10975.37
1265.0,11699.24,Medium,10975.37
3788.0,11699.04,Medium,10975.37
4818.0,11697.17,Medium,10975.37
4294.0,11696.07,Medium,10975.37
4944.0,11695.98,Medium,10975.37
4331.0,11695.84,Medium,10975.37
723.0,11694.72,Medium,10975.37
1095.0,11694.31,Medium,10975.37
1551.0,11693.9,Medium,10975.37
1787.0,11692.04,Medium,10975.37
3758.0,11691.13,Medium,10975.37
2874.0,11691.06,Medium,10975.37
3880.0,11690.81,Medium,10975.37
3383.0,11690.5,Medium,10975.37
1401.0,11688.44,Medium,10975.37
728.0,11686.99,Medium,10975.37
4651.0,11686.76,Medium,10975.37
3911.0,11684.51,Medium,10975.37
2538.0,11683.74,Medium,10975.37
4417.0,11683.35,Medium,10975.37
4480.0,11683.21,Medium,10975.37
4304.0,11682.38,Medium,10975.37
4490.0,11682.14,Medium,10975.37
892.0,11681.89,Medium,10975.37
75.0,11681.75,Medium,10975.37
1912.0,11681.7,Medium,10975.37
2516.0,11681.14,Medium,10975.37
1213.0,11679.29,Medium,10975.37
3712.0,11677.49,Medium,10975.37
617.0,11676.85,Medium,10975.37
2413.0,11673.95,Medium,10975.37
972.0,11672.17,Medium,10975.37
2581.0,11669.36,Medium,10975.37
4782.0,11668.7,Medium,10975.37
2576.0,11668.27,Medium,10975.37
2499.0,11658.4,Medium,10975.37
1394.0,11657.39,Medium,10975.37
1264.0,11655.92,Medium,10975.37
3471.0,11655.03,Medium,10975.37
4493.0,11653.43,Medium,10975.37
3238.0,11651.56,Medium,10975.37
940.0,11651.18,Medium,10975.37
107.0,11649.64,Medium,10975.37
2510.0,11646.57,Medium,10975.37
1328.0,11645.03,Medium,10975.37
4868.0,11644.77,Medium,10975.37
195.0,11642.71,Medium,10975.37
1981.0,11641.32,Medium,10975.37
4118.0,11640.7,Medium,10975.37
2280.0,11639.97,Medium,10975.37
4775.0,11639.55,Medium,10975.37
2180.0,11638.22,Medium,10975.37
596.0,11637.94,Medium,10975.37
5000.0,11637.86,Medium,10975.37
1239.0,11635.99,Medium,10975.37
1057.0,11635.82,Medium,10975.37
2551.0,11635.14,Medium,10975.37
1081.0,11634.83,Medium,10975.37
3725.0,11634.43,Medium,10975.37
2669.0,11633.28,Medium,10975.37
3943.0,11631.77,Medium,10975.37
4290.0,11631.68,Medium,10975.37
937.0,11630.91,Medium,10975.37
3631.0,11627.46,Medium,10975.37
1480.0,11625.35,Medium,10975.37
2877.0,11625.26,Medium,10975.37
1566.0,11625.19,Medium,10975.37
4395.0,11625.17,Medium,10975.37
402.0,11624.19,Medium,10975.37
253.0,11622.64,Medium,10975.37
812.0,11622.47,Medium,10975.37
4174.0,11622.03,Medium,10975.37
3247.0,11621.16,Medium,10975.37
2729.0,11620.35,Medium,10975.37
1894.0,11619.57,Medium,10975.37
4299.0,11618.56,Medium,10975.37
669.0,11617.43,Medium,10975.37
1751.0,11616.19,Medium,10975.37
2429.0,11615.7,Medium,10975.37
3724.0,11613.83,Medium,10975.37
4124.0,11612.5,Medium,10975.37
3080.0,11611.2,Medium,10975.37
3377.0,11610.13,Medium,10975.37
2265.0,11609.77,Medium,10975.37
1423.0,11608.43,Medium,10975.37
2003.0,11606.02,Medium,10975.37
2106.0,11605.53,Medium,10975.37
4861.0,11603.99,Medium,10975.37
4023.0,11602.69,Medium,10975.37
2819.0,11602.29,Medium,10975.37
363.0,11601.55,Medium,10975.37
1253.0,11599.26,Medium,10975.37
1518.0,11598.67,Medium,10975.37
3314.0,11598.02,Medium,10975.37
4037.0,11597.22,Medium,10975.37
2608.0,11595.68,Medium,10975.37
2073.0,11592.01,Medium,10975.37
3973.0,11592.0,Medium,10975.37
4320.0,11588.51,Medium,10975.37
3553.0,11588.14,Medium,10975.37
521.0,11587.24,Medium,10975.37
3025.0,11586.45,Medium,10975.37
4413.0,11583.4,Medium,10975.37
1400.0,11582.86,Medium,10975.37
1558.0,11582.29,Medium,10975.37
2055.0,11581.37,Medium,10975.37
4930.0,11580.31,Medium,10975.37
3527.0,11580.27,Medium,10975.37
961.0,11579.9,Medium,10975.37
2846.0,11579.56,Medium,10975.37
98.0,11578.71,Medium,10975.37
1319.0,11576.09,Medium,10975.37
4217.0,11574.77,Medium,10975.37
40.0,11573.45,Medium,10975.37
4834.0,11573.13,Medium,10975.37
4601.0,11572.01,Medium,10975.37
3588.0,11570.76,Medium,10975.37
2239.0,11569.96,Medium,10975.37
1263.0,11565.51,Medium,10975.37
2956.0,11564.7,Medium,10975.37
531.0,11564.55,Medium,10975.37
1033.0,11564.17,Medium,10975.37
1386.0,11563.53,Medium,10975.37
4010.0,11563.22,Medium,10975.37
4003.0,11561.97,Medium,10975.37
2680.0,11561.63,Medium,10975.37
4427.0,11558.26,Medium,10975.37
3199.0,11557.95,Medium,10975.37
4778.0,11550.55,Medium,10975.37
440.0,11549.3,Medium,10975.37
1808.0,11548.04,Medium,10975.37
2587.0,11547.37,Medium,10975.37
944.0,11547.15,Medium,10975.37
3565.0,11547.06,Medium,10975.37
3244.0,11545.85,Medium,10975.37
935.0,11545.03,Medium,10975.37
580.0,11541.29,Medium,10975.37
3633.0,11538.7,Medium,10975.37
2757.0,11538.1,Medium,10975.37
4618.0,11536.47,Medium,10975.37
941.0,11536.35,Medium,10975.37
589.0,11536.18,Medium,10975.37
4454.0,11535.94,Medium,10975.37
235.0,11532.76,Medium,10975.37
3182.0,11530.38,Medium,10975.37
3885.0,11527.07,Medium,10975.37
2999.0,11523.67,Medium,10975.37
3940.0,11523.52,Medium,10975.37
4938.0,11523.52,Medium,10975.37
1954.0,11522.98,Medium,10975.37
2291.0,11522.12,Medium,10975.37
3666.0,11522.08,Medium,10975.37
4046.0,11517.92,Medium,10975.37
257.0,11517.79,Medium,10975.37
510.0,11517.68,Medium,10975.37
3361.0,11516.26,Medium,10975.37
2515.0,11515.12,Medium,10975.37
3112.0,11514.89,Medium,10975.37
1533.0,11514.32,Medium,10975.37
3767.0,11513.81,Medium,10975.37
3499.0,11508.18,Medium,10975.37
4297.0,11507.96,Medium,10975.37
459.0,11507.59,Medium,10975.37
3261.0,11507.2,Medium,10975.37
3578.0,11507.19,Medium,10975.37
4726.0,11507.1,Medium,10975.37
1570.0,11506.93,Medium,10975.37
2071.0,11506.6,Medium,10975.37
27.0,11505.4,Medium,10975.37
579.0,11503.12,Medium,10975.37
4831.0,11502.75,Medium,10975.37
170.0,11501.92,Medium,10975.37
3900.0,11501.65,Medium,10975.37
2022.0,11501.27,Medium,10975.37
4229.0,11500.81,Medium,10975.37
4540.0,11500.36,Medium,10975.37
480.0,11500.27,Medium,10975.37
3595.0,11499.62,Medium,10975.37
4698.0,11498.94,Medium,10975.37
4166.0,11490.59,Medium,10975.37
1574.0,11490.37,Medium,10975.37
3963.0,11488.58,Medium,10975.37
2472.0,11488.08,Medium,10975.37
4399.0,11485.97,Medium,10975.37
2850.0,11485.45,Medium,10975.37
3124.0,11480.04,Medium,10975.37
289.0,11478.85,Medium,10975.37
3692.0,11477.33,Medium,10975.37
1020.0,11475.12,Medium,10975.37
3494.0,11473.97,Medium,10975.37
2921.0,11472.88,Medium,10975.37
541.0,11472.63,Medium,10975.37
351.0,11472.53,Medium,10975.37
2959.0,11471.9,Medium,10975.37
462.0,11471.8,Medium,10975.37
4937.0,11470.99,Medium,10975.37
1114.0,11470.89,Medium,10975.37
238.0,11468.22,Medium,10975.37
123.0,11467.27,Medium,10975.37
2585.0,11465.89,Medium,10975.37
3501.0,11464.62,Medium,10975.37
1410.0,11462.89,Medium,10975.37
2221.0,11460.56,Medium,10975.37
3273.0,11460.34,Medium,10975.37
4806.0,11458.86,Medium,10975.37
1236.0,11458.41,Medium,10975.37
1106.0,11457.71,Medium,10975.37
657.0,11457.62,Medium,10975.37
3226.0,11454.01,Medium,10975.37
4627.0,11453.92,Medium,10975.37
3736.0,11452.61,Medium,10975.37
2596.0,11451.53,Medium,10975.37
2035.0,11449.55,Medium,10975.37
1756.0,11446.89,Medium,10975.37
2841.0,11445.1,Medium,10975.37
2615.0,11445.07,Medium,10975.37
2791.0,11444.36,Medium,10975.37
3550.0,11444.3,Medium,10975.37
4939.0,11444.26,Medium,10975.37
4310.0,11443.71,Medium,10975.37
1593.0,11443.39,Medium,10975.37
4390.0,11443.16,Medium,10975.37
493.0,11441.37,Medium,10975.37
496.0,11440.27,Medium,10975.37
1539.0,11440.22,Medium,10975.37
836.0,11439.56,Medium,10975.37
2426.0,11439.4,Medium,10975.37
2345.0,11439.03,Medium,10975.37
4016.0,11438.98,Medium,10975.37
3452.0,11436.87,Medium,10975.37
3179.0,11436.44,Medium,10975.37
749.0,11434.76,Medium,10975.37
4605.0,11433.67,Medium,10975.37
4466.0,11432.53,Medium,10975.37
1006.0,11431.68,Medium,10975.37
1260.0,11427.8,Medium,10975.37
2884.0,11427.64,Medium,10975.37
11.0,11427.49,Medium,10975.37
2513.0,11427.22,Medium,10975.37
4204.0,11426.74,Medium,10975.37
3099.0,11426.01,Medium,10975.37
1310.0,11425.54,Medium,10975.37
1228.0,11425.44,Medium,10975.37
1702.0,11425.35,Medium,10975.37
1190.0,11423.6,Medium,10975.37
2365.0,11422.71,Medium,10975.37
3832.0,11421.92,Medium,10975.37
3441.0,11421.43,Medium,10975.37
4789.0,11421.2,Medium,10975.37
4142.0,11419.13,Medium,10975.37
4438.0,11415.66,Medium,10975.37
2914.0,11414.79,Medium,10975.37
938.0,11411.59,Medium,10975.37
3326.0,11410.53,Medium,10975.37
933.0,11409.39,Medium,10975.37
2765.0,11409.27,Medium,10975.37
4468.0,11409.2,Medium,10975.37
3531.0,11408.58,Medium,10975.37
1876.0,11408.48,Medium,10975.37
990.0,11407.16,Medium,10975.37
1063.0,11406.9,Medium,10975.37
417.0,11405.88,Medium,10975.37
767.0,11405.37,Medium,10975.37
4793.0,11404.84,Medium,10975.37
1877.0,11404.67,Medium,10975.37
3224.0,11401.22,Medium,10975.37
3604.0,11399.49,Medium,10975.37
3823.0,11396.53,Medium,10975.37
2639.0,11396.27,Medium,10975.37
2517.0,11395.52,Medium,10975.37
4973.0,11395.27,Medium,10975.37
1112.0,11393.78,Medium,10975.37
1138.0,11392.52,Medium,10975.37
2458.0,11391.14,Medium,10975.37
2355.0,11389.53,Medium,10975.37
2715.0,11389.35,Medium,10975.37
4717.0,11388.73,Medium,10975.37
960.0,11387.2,Medium,10975.37
46.0,11385.59,Medium,10975.37
1750.0,11384.07,Medium,10975.37
908.0,11383.9,Medium,10975.37
598.0,11383.77,Medium,10975.37
4644.0,11383.54,Medium,10975.37
3135.0,11382.4,Medium,10975.37
278.0,11381.52,Medium,10975.37
4422.0,11379.62,Medium,10975.37
1041.0,11379.01,Medium,10975.37
1126.0,11378.0,Medium,10975.37
397.0,11376.21,Medium,10975.37
2831.0,11374.44,Medium,10975.37
2436.0,11372.39,Medium,10975.37
1121.0,11372.15,Medium,10975.37
2985.0,11371.15,Medium,10975.37
1192.0,11370.59,Medium,10975.37
133.0,11368.45,Medium,10975.37
4974.0,11367.57,Medium,10975.37
837.0,11366.18,Medium,10975.37
4430.0,11364.24,Medium,10975.37
1661.0,11363.17,Medium,10975.37
2675.0,11363.16,Medium,10975.37
3319.0,11362.89,Medium,10975.37
2366.0,11361.17,Medium,10975.37
151.0,11361.16,Medium,10975.37
4172.0,11360.96,Medium,10975.37
4962.0,11360.54,Medium,10975.37
2120.0,11360.12,Medium,10975.37
4579.0,11359.95,Medium,10975.37
3003.0,11359.94,Medium,10975.37
2200.0,11359.8,Medium,10975.37
4872.0,11359.16,Medium,10975.37
2158.0,11358.17,Medium,10975.37
4727.0,11357.76,Medium,10975.37
2284.0,11357.65,Medium,10975.37
551.0,11356.93,Medium,10975.37
3618.0,11355.33,Medium,10975.37
1119.0,11355.02,Medium,10975.37
3277.0,11354.99,Medium,10975.37
4863.0,11352.98,Medium,10975.37
3703.0,11348.86,Medium,10975.37
4526.0,11348.09,Medium,10975.37
1627.0,11347.24,Medium,10975.37
4976.0,11346.9,Medium,10975.37
1612.0,11346.62,Medium,10975.37
963.0,11345.73,Medium,10975.37
1458.0,11344.58,Medium,10975.37
1342.0,11343.52,Medium,10975.37
411.0,11343.15,Medium,10975.37
3569.0,11342.38,Medium,10975.37
4743.0,11341.69,Medium,10975.37
2440.0,11341.63,Medium,10975.37
3810.0,11338.73,Medium,10975.37
4105.0,11338.25,Medium,10975.37
3245.0,11338.15,Medium,10975.37
3323.0,11337.45,Medium,10975.37
959.0,11335.18,Medium,10975.37
2643.0,11334.75,Medium,10975.37
4149.0,11333.25,Medium,10975.37
2058.0,11333.2,Medium,10975.37
564.0,11332.3,Medium,10975.37
323.0,11332.03,Medium,10975.37
399.0,11330.57,Medium,10975.37
953.0,11327.81,Medium,10975.37
1252.0,11325.77,Medium,10975.37
3720.0,11325.67,Medium,10975.37
2618.0,11325.48,Medium,10975.37
4509.0,11322.91,Medium,10975.37
3237.0,11322.9,Medium,10975.37
298.0,11322.22,Medium,10975.37
867.0,11316.27,Medium,10975.37
1373.0,11315.13,Medium,10975.37
1409.0,11312.69,Medium,10975.37
373.0,11312.09,Medium,10975.37
1697.0,11309.75,Medium,10975.37
174.0,11308.52,Medium,10975.37
1107.0,11308.51,Medium,10975.37
1140.0,11307.79,Medium,10975.37
2616.0,11307.65,Medium,10975.37
116.0,11305.57,Medium,10975.37
2048.0,11304.9,Medium,10975.37
415.0,11304.71,Medium,10975.37
2620.0,11303.83,Medium,10975.37
4849.0,11302.86,Medium,10975.37
3508.0,11302.81,Medium,10975.37
3818.0,11301.64,Medium,10975.37
2189.0,11299.98,Medium,10975.37
4943.0,11299.58,Medium,10975.37
524.0,11299.11,Medium,10975.37
3305.0,11298.22,Medium,10975.37
1495.0,11297.6,Medium,10975.37
1524.0,11296.81,Medium,10975.37
3041.0,11296.62,Medium,10975.37
4144.0,11296.03,Medium,10975.37
13.0,11294.83,Medium,10975.37
3249.0,11294.59,Medium,10975.37
3848.0,11294.06,Medium,10975.37
2713.0,11292.56,Medium,10975.37
3264.0,11292.31,Medium,10975.37
331.0,11289.59,Medium,10975.37
2297.0,11288.58,Medium,10975.37
2211.0,11287.22,Medium,10975.37
1355.0,11286.23,Medium,10975.37
441.0,11285.55,Medium,10975.37
2640.0,11285.05,Medium,10975.37
931.0,11284.64,Medium,10975.37
2358.0,11282.85,Medium,10975.37
1963.0,11281.82,Medium,10975.37
1479.0,11278.54,Medium,10975.37
2353.0,11277.63,Medium,10975.37
3297.0,11276.29,Medium,10975.37
1609.0,11275.65,Medium,10975.37
4600.0,11275.25,Medium,10975.37
182.0,11274.72,Medium,10975.37
4210.0,11274.2,Medium,10975.37
698.0,11273.92,Medium,10975.37
2687.0,11273.59,Medium,10975.37
1442.0,11272.62,Medium,10975.37
4507.0,11272.27,Medium,10975.37
4754.0,11270.23,Medium,10975.37
3938.0,11270.0,Medium,10975.37
2231.0,11268.55,Medium,10975.37
4683.0,11267.79,Medium,10975.37
729.0,11264.58,Medium,10975.37
1924.0,11264.25,Medium,10975.37
3693.0,11264.24,Medium,10975.37
910.0,11262.26,Medium,10975.37
1644.0,11261.71,Medium,10975.37
662.0,11261.19,Medium,10975.37
2428.0,11259.63,Medium,10975.37
4763.0,11259.48,Medium,10975.37
1758.0,11258.71,Medium,10975.37
1268.0,11256.25,Medium,10975.37
1826.0,11255.53,Medium,10975.37
546.0,11254.69,Medium,10975.37
1562.0,11254.35,Medium,10975.37
4569.0,11253.92,Medium,10975.37
4633.0,11251.51,Medium,10975.37
3976.0,11251.2,Medium,10975.37
986.0,11250.85,Medium,10975.37
2720.0,11249.75,Medium,10975.37
2475.0,11249.49,Medium,10975.37
1083.0,11249.21,Medium,10975.37
2227.0,11249.21,Medium,10975.37
1045.0,11248.16,Medium,10975.37
2976.0,11247.19,Medium,10975.37
1058.0,11245.31,Medium,10975.37
3447.0,11245.09,Medium,10975.37
1046.0,11238.68,Medium,10975.37
1796.0,11238.17,Medium,10975.37
3104.0,11238.05,Medium,10975.37
1209.0,11237.79,Medium,10975.37
640.0,11237.32,Medium,10975.37
1023.0,11237.17,Medium,10975.37
4262.0,11235.82,Medium,10975.37
3477.0,11235.42,Medium,10975.37
593.0,11233.58,Medium,10975.37
2233.0,11231.36,Medium,10975.37
1068.0,11229.83,Medium,10975.37
2540.0,11228.66,Medium,10975.37
721.0,11227.97,Medium,10975.37
1637.0,11227.8,Medium,10975.37
520.0,11227.6,Medium,10975.37
2782.0,11227.27,Medium,10975.37
1828.0,11225.98,Medium,10975.37
3545.0,11225.65,Medium,10975.37
144.0,11223.87,Medium,10975.37
3505.0,11223.79,Medium,10975.37
2092.0,11223.53,Medium,10975.37
4533.0,11219.32,Medium,10975.37
3708.0,11219.06,Medium,10975.37
1270.0,11218.79,Medium,10975.37
636.0,11218.15,Medium,10975.37
2311.0,11217.86,Medium,10975.37
1122.0,11217.21,Medium,10975.37
2159.0,11216.06,Medium,10975.37
1294.0,11215.91,Medium,10975.37
4230.0,11215.74,Medium,10975.37
985.0,11215.44,Medium,10975.37
4428.0,11215.39,Medium,10975.37
115.0,11214.24,Medium,10975.37
4358.0,11214.11,Medium,10975.37
719.0,11212.5,Medium,10975.37
1720.0,11211.45,Medium,10975.37
1164.0,11210.38,Medium,10975.37
1928.0,11208.66,Medium,10975.37
3895.0,11206.29,Medium,10975.37
4613.0,11205.36,Medium,10975.37
1187.0,11204.9,Medium,10975.37
2294.0,11204.43,Medium,10975.37
3960.0,11202.22,Medium,10975.37
16.0,11201.61,Medium,10975.37
416.0,11200.18,Medium,10975.37
2817.0,11200.09,Medium,10975.37
514.0,11196.21,Medium,10975.37
2702.0,11196.09,Medium,10975.37
3908.0,11195.24,Medium,10975.37
4883.0,11194.85,Medium,10975.37
1987.0,11194.01,Medium,10975.37
2115.0,11193.74,Medium,10975.37
2678.0,11193.15,Medium,10975.37
4279.0,11192.69,Medium,10975.37
2260.0,11191.94,Medium,10975.37
2102.0,11191.12,Medium,10975.37
4570.0,11190.3,Medium,10975.37
3370.0,11188.73,Medium,10975.37
553.0,11188.63,Medium,10975.37
3258.0,11187.61,Medium,10975.37
1511.0,11186.73,Medium,10975.37
3347.0,11185.7,Medium,10975.37
832.0,11185.41,Medium,10975.37
3762.0,11185.3,Medium,10975.37
3592.0,11184.68,Medium,10975.37
181.0,11183.74,Medium,10975.37
3123.0,11183.14,Medium,10975.37
3129.0,11182.68,Medium,10975.37
4289.0,11179.71,Medium,10975.37
4680.0,11178.8,Medium,10975.37
3835.0,11178.59,Medium,10975.37
3928.0,11178.09,Medium,10975.37
2506.0,11176.95,Medium,10975.37
2635.0,11174.72,Medium,10975.37
981.0,11174.28,Medium,10975.37
3754.0,11174.24,Medium,10975.37
528.0,11173.31,Medium,10975.37
3897.0,11173.08,Medium,10975.37
1390.0,11173.01,Medium,10975.37
3547.0,11172.2,Medium,10975.37
3697.0,11170.62,Medium,10975.37
3586.0,11168.37,Medium,10975.37
851.0,11168.07,Medium,10975.37
1988.0,11165.87,Medium,10975.37
3990.0,11164.79,Medium,10975.37
3753.0,11164.33,Medium,10975.37
1764.0,11163.21,Medium,10975.37
3299.0,11163.03,Medium,10975.37
3171.0,11162.88,Medium,10975.37
4093.0,11162.65,Medium,10975.37
3214.0,11162.58,Medium,10975.37
3741.0,11161.4,Medium,10975.37
3551.0,11160.12,Medium,10975.37
2683.0,11159.62,Medium,10975.37
2848.0,11158.64,Medium,10975.37
3773.0,11156.92,Medium,10975.37
532.0,11155.49,Medium,10975.37
947.0,11152.53,Medium,10975.37
4025.0,11152.22,Medium,10975.37
1283.0,11151.52,Medium,10975.37
4989.0,11148.89,Medium,10975.37
2482.0,11146.84,Medium,10975.37
2779.0,11146.63,Medium,10975.37
2450.0,11144.18,Medium,10975.37
4033.0,11143.96,Medium,10975.37
3529.0,11143.77,Medium,10975.37
2629.0,11142.87,Medium,10975.37
3146.0,11141.79,Medium,10975.37
4348.0,11139.12,Medium,10975.37
957.0,11138.7,Medium,10975.37
3070.0,11138.08,Medium,10975.37
209.0,11137.79,Medium,10975.37
3278.0,11136.73,Medium,10975.37
3398.0,11136.28,Medium,10975.37
1166.0,11135.29,Medium,10975.37
2104.0,11131.66,Medium,10975.37
2276.0,11131.53,Medium,10975.37
3020.0,11130.69,Medium,10975.37
4060.0,11129.61,Medium,10975.37
1125.0,11129.17,Medium,10975.37
2493.0,11129.06,Medium,10975.37
290.0,11127.75,Medium,10975.37
2223.0,11127.72,Medium,10975.37
3952.0,11127.09,Medium,10975.37
4170.0,11126.91,Medium,10975.37
4473.0,11126.03,Medium,10975.37
1232.0,11124.77,Medium,10975.37
3186.0,11123.99,Medium,10975.37
3977.0,11121.86,Medium,10975.37
578.0,11119.43,Medium,10975.37
2966.0,11119.43,Medium,10975.37
1244.0,11115.76,Medium,10975.37
2882.0,11114.59,Medium,10975.37
692.0,11114.07,Medium,10975.37
140.0,11113.92,Medium,10975.37
3714.0,11112.61,Medium,10975.37
2644.0,11108.88,Medium,10975.37
1127.0,11107.55,Medium,10975.37
607.0,11106.64,Medium,10975.37
2126.0,11106.51,Medium,10975.37
2897.0,11103.57,Medium,10975.37
4241.0,11103.2,Medium,10975.37
30.0,11102.65,Medium,10975.37
3335.0,11102.46,Medium,10975.37
1332.0,11102.41,Medium,10975.37
3384.0,11101.75,Medium,10975.37
1989.0,11101.7,Medium,10975.37
1970.0,11101.62,Medium,10975.37
1792.0,11101.58,Medium,10975.37
2995.0,11099.46,Medium,10975.37
1527.0,11099.23,Medium,10975.37
2544.0,11099.12,Medium,10975.37
4449.0,11099.11,Medium,10975.37
4365.0,11098.97,Medium,10975.37
3597.0,11096.91,Medium,10975.37
2974.0,11095.64,Medium,10975.37
4681.0,11095.3,Medium,10975.37
1149.0,11094.54,Medium,10975.37
106.0,11093.94,Medium,10975.37
1666.0,11093.61,Medium,10975.37
2833.0,11092.37,Medium,10975.37
4113.0,11092.33,Medium,10975.37
2935.0,11092.3,Medium,10975.37
1857.0,11091.24,Medium,10975.37
1429.0,11090.82,Medium,10975.37
2421.0,11087.34,Medium,10975.37
4004.0,11084.99,Medium,10975.37
4220.0,11084.98,Medium,10975.37
4545.0,11084.52,Medium,10975.37
646.0,11084.1,Medium,10975.37
476.0,11082.39,Medium,10975.37
2339.0,11081.96,Medium,10975.37
4385.0,11081.02,Medium,10975.37
4257.0,11079.71,Medium,10975.37
1759.0,11078.97,Medium,10975.37
3647.0,11078.88,Medium,10975.37
215.0,11078.1,Medium,10975.37
3176.0,11077.89,Medium,10975.37
31.0,11076.46,Medium,10975.37
2764.0,11076.44,Medium,10975.37
3577.0,11075.61,Medium,10975.37
3983.0,11075.34,Medium,10975.37
275.0,11075.26,Medium,10975.37
1160.0,11074.93,Medium,10975.37
885.0,11073.76,Medium,10975.37
4748.0,11073.19,Medium,10975.37
1428.0,11072.42,Medium,10975.37
2954.0,11072.06,Medium,10975.37
2555.0,11069.29,Medium,10975.37
914.0,11067.5,Medium,10975.37
3958.0,11067.38,Medium,10975.37
4151.0,11067.0,Medium,10975.37
4992.0,11066.25,Medium,10975.37
1504.0,11065.76,Medium,10975.37
609.0,11062.55,Medium,10975.37
879.0,11061.09,Medium,10975.37
189.0,11056.77,Medium,10975.37
2253.0,11055.58,Medium,10975.37
4436.0,11055.37,Medium,10975.37
2362.0,11054.72,Medium,10975.37
2799.0,11054.39,Medium,10975.37
556.0,11052.81,Medium,10975.37
3130.0,11051.96,Medium,10975.37
3239.0,11049.54,Medium,10975.37
4145.0,11048.19,Medium,10975.37
3386.0,11047.44,Medium,10975.37
329.0,11045.82,Medium,10975.37
2418.0,11043.65,Medium,10975.37
220.0,11043.39,Medium,10975.37
2535.0,11042.19,Medium,10975.37
4125.0,11038.98,Medium,10975.37
3322.0,11038.15,Medium,10975.37
99.0,11037.88,Medium,10975.37
1918.0,11037.1,Medium,10975.37
1472.0,11036.09,Medium,10975.37
1724.0,11035.91,Medium,10975.37
4761.0,11035.54,Medium,10975.37
792.0,11034.77,Medium,10975.37
4892.0,11033.47,Medium,10975.37
3410.0,11032.37,Medium,10975.37
2633.0,11031.39,Medium,10975.37
1158.0,11029.37,Medium,10975.37
2029.0,11028.61,Medium,10975.37
2452.0,11024.77,Medium,10975.37
3859.0,11023.88,Medium,10975.37
642.0,11022.34,Medium,10975.37
3095.0,11022.19,Medium,10975.37
3014.0,11021.41,Medium,10975.37
3153.0,11020.61,Medium,10975.37
1345.0,11019.82,Medium,10975.37
1760.0,11011.24,Medium,10975.37
3713.0,11010.99,Medium,10975.37
4925.0,11010.88,Medium,10975.37
3128.0,11010.55,Medium,10975.37
4137.0,11009.5,Medium,10975.37
4303.0,11009.17,Medium,10975.37
3125.0,11008.43,Medium,10975.37
3298.0,11007.83,Medium,10975.37
3919.0,11006.14,Medium,10975.37
1740.0,11005.25,Medium,10975.37
1326.0,11005.03,Medium,10975.37
2193.0,11003.7,Medium,10975.37
3300.0,11002.74,Medium,10975.37
2460.0,11002.53,Medium,10975.37
2.0,11002.53,Medium,10975.37
1889.0,11002.16,Medium,10975.37
4000.0,11001.93,Medium,10975.37
3826.0,10999.69,Medium,10975.37
205.0,10998.5,Medium,10975.37
4471.0,10996.47,Medium,10975.37
1947.0,10995.77,Medium,10975.37
2599.0,10994.88,Medium,10975.37
4909.0,10994.47,Medium,10975.37
839.0,10992.38,Medium,10975.37
4084.0,10992.18,Medium,10975.37
237.0,10991.63,Medium,10975.37
4119.0,10990.32,Medium,10975.37
1082.0,10989.63,Medium,10975.37
3847.0,10988.9,Medium,10975.37
4810.0,10988.52,Medium,10975.37
1565.0,10987.41,Medium,10975.37
1995.0,10987.12,Medium,10975.37
355.0,10986.52,Medium,10975.37
3240.0,10984.04,Medium,10975.37
4028.0,10983.97,Medium,10975.37
2747.0,10983.75,Medium,10975.37
1799.0,10978.29,Medium,10975.37
980.0,10976.35,Medium,10975.37
4457.0,10975.95,Medium,10975.37
2271.0,10975.46,Medium,10975.37
